"Bureau of Justice Statistics",,,,,,,,,,,,,,,,,,,,,,,,,,,,,,,,,,,,,,,,,,,,,,,,,,,,,,,,,,,,,,,,,,,,,,,,,,,,,,,,,,,,,,,,,,,,,,,,,,,,,,,,,,,,,,,,,,,,,,,,,,,,,,,,,,,,,,,,,,,,,,,,,,,,,,,,,,,,,,,,,,,,,,,,,,,,,,,,,,,,,,,,,,,,,,,,,,,,,,,,,,,,,,,,,,,,,,,,,,,,,,,,,,,,,,,,,,,,,,,,,,,,,,
"filename:cspsl97st.csv",,,,,,,,,,,,,,,,,,,,,,,,,,,,,,,,,,,,,,,,,,,,,,,,,,,,,,,,,,,,,,,,,,,,,,,,,,,,,,,,,,,,,,,,,,,,,,,,,,,,,,,,,,,,,,,,,,,,,,,,,,,,,,,,,,,,,,,,,,,,,,,,,,,,,,,,,,,,,,,,,,,,,,,,,,,,,,,,,,,,,,,,,,,,,,,,,,,,,,,,,,,,,,,,,,,,,,,,,,,,,,,,,,,,,,,,,,,,,,,,,,,,,,
"Table #: Section 4 - State-by-State tables",,,,,,,,,,,,,,,,,,,,,,,,,,,,,,,,,,,,,,,,,,,,,,,,,,,,,,,,,,,,,,,,,,,,,,,,,,,,,,,,,,,,,,,,,,,,,,,,,,,,,,,,,,,,,,,,,,,,,,,,,,,,,,,,,,,,,,,,,,,,,,,,,,,,,,,,,,,,,,,,,,,,,,,,,,,,,,,,,,,,,,,,,,,,,,,,,,,,,,,,,,,,,,,,,,,,,,,,,,,,,,,,,,,,,,,,,,,,,,,,,,,,,,
"Report title : Compendium of State Privacy and Security Legislation: 97 Overview",,,,,,,,,,,,,,,,,,,,,,,,,,,,,,,,,,,,,,,,,,,,,,,,,,,,,,,,,,,,,,,,,,,,,,,,,,,,,,,,,,,,,,,,,,,,,,,,,,,,,,,,,,,,,,,,,,,,,,,,,,,,,,,,,,,,,,,,,,,,,,,,,,,,,,,,,,,,,,,,,,,,,,,,,,,,,,,,,,,,,,,,,,,,,,,,,,,,,,,,,,,,,,,,,,,,,,,,,,,,,,,,,,,,,,,,,,,,,,,,,,,,,,
"contents: Summary of State statutes and regulations by classification category",,,,,,,,,,,,,,,,,,,,,,,,,,,,,,,,,,,,,,,,,,,,,,,,,,,,,,,,,,,,,,,,,,,,,,,,,,,,,,,,,,,,,,,,,,,,,,,,,,,,,,,,,,,,,,,,,,,,,,,,,,,,,,,,,,,,,,,,,,,,,,,,,,,,,,,,,,,,,,,,,,,,,,,,,,,,,,,,,,,,,,,,,,,,,,,,,,,,,,,,,,,,,,,,,,,,,,,,,,,,,,,,,,,,,,,,,,,,,,,,,,,,,,
"data source: SEARCH, The National Consortium for Justice Information and Statistics",,,,,,,,,,,,,,,,,,,,,,,,,,,,,,,,,,,,,,,,,,,,,,,,,,,,,,,,,,,,,,,,,,,,,,,,,,,,,,,,,,,,,,,,,,,,,,,,,,,,,,,,,,,,,,,,,,,,,,,,,,,,,,,,,,,,,,,,,,,,,,,,,,,,,,,,,,,,,,,,,,,,,,,,,,,,,,,,,,,,,,,,,,,,,,,,,,,,,,,,,,,,,,,,,,,,,,,,,,,,,,,,,,,,,,,,,,,,,,,,,,,,,,
"refer questions to: askbjs@ojp.usdoj.gov  (202)307-0765",,,,,,,,,,,,,,,,,,,,,,,,,,,,,,,,,,,,,,,,,,,,,,,,,,,,,,,,,,,,,,,,,,,,,,,,,,,,,,,,,,,,,,,,,,,,,,,,,,,,,,,,,,,,,,,,,,,,,,,,,,,,,,,,,,,,,,,,,,,,,,,,,,,,,,,,,,,,,,,,,,,,,,,,,,,,,,,,,,,,,,,,,,,,,,,,,,,,,,,,,,,,,,,,,,,,,,,,,,,,,,,,,,,,,,,,,,,,,,,,,,,,,,
"coordinator: Carol G. Kaplan  ",,,,,,,,,,,,,,,,,,,,,,,,,,,,,,,,,,,,,,,,,,,,,,,,,,,,,,,,,,,,,,,,,,,,,,,,,,,,,,,,,,,,,,,,,,,,,,,,,,,,,,,,,,,,,,,,,,,,,,,,,,,,,,,,,,,,,,,,,,,,,,,,,,,,,,,,,,,,,,,,,,,,,,,,,,,,,,,,,,,,,,,,,,,,,,,,,,,,,,,,,,,,,,,,,,,,,,,,,,,,,,,,,,,,,,,,,,,,,,,,,,,,,,
"date of version:  5/2/98",,,,,,,,,,,,,,,,,,,,,,,,,,,,,,,,,,,,,,,,,,,,,,,,,,,,,,,,,,,,,,,,,,,,,,,,,,,,,,,,,,,,,,,,,,,,,,,,,,,,,,,,,,,,,,,,,,,,,,,,,,,,,,,,,,,,,,,,,,,,,,,,,,,,,,,,,,,,,,,,,,,,,,,,,,,,,,,,,,,,,,,,,,,,,,,,,,,,,,,,,,,,,,,,,,,,,,,,,,,,,,,,,,,,,,,,,,,,,,,,,,,,,,
,,,,,,,,,,,,,,,,,,,,,,,,,,,,,,,,,,,,,,,,,,,,,,,,,,,,,,,,,,,,,,,,,,,,,,,,,,,,,,,,,,,,,,,,,,,,,,,,,,,,,,,,,,,,,,,,,,,,,,,,,,,,,,,,,,,,,,,,,,,,,,,,,,,,,,,,,,,,,,,,,,,,,,,,,,,,,,,,,,,,,,,,,,,,,,,,,,,,,,,,,,,,,,,,,,,,,,,,,,,,,,,,,,,,,,,,,,,,,,,,,,,,,,
,,,,,,,,,,,,,,,,,,,,,,,,,,,,,,,,,,,,,,,,,,,,,,,,,,,,,,,,,,,,,,,,,,,,,,,,,,,,,,,,,,,,,,,,,,,,,,,,,,,,,,,,,,,,,,,,,,,,,,,,,,,,,,,,,,,,,,,,,,,,,,,,,,,,,,,,,,,,,,,,,,,,,,,,,,,,,,,,,,,,,,,,,,,,,,,,,,,,,,,,,,,,,,,,,,,,,,,,,,,,,,,,,,,,,,,,,,,,,,,,,,,,,,
,,,,,,,"Citation",,,,,,,,,,,,,,,,,,,,,,,,,,,,,,,,,,,,,,,,,,,,,,,,,,,,,,,,,,,,,,,,,,,,,,,,,,,,,,,,,,,,,,,,,,,,,,,,,,,,,,,,,,,,,,,,,,,,,,,,,,,,,,,,,,,,,,,,,,,,,,,,,,,,,,,,,,,,,,,,,,,,,,,,,,,,,,,,,,,,,,,,,,,,,,,,,,,,,,,,,,,,,,,,,,,,,,,,,,,,,,,,,,,,,,,,,,,,,,,
"Category",,,,,,,"ALABAMA",,,,"ALASKA",,,"ARIZONA",,,,,,"ARKANSAS",,,"CALIFORNIA",,,,,,,,,,"COLORADO",,,"CONNECTICUT",,"DELAWARE",,,,,"DISTRICT OF COLUMBIA",,,"FLORIDA",,,,"GEORGIA",,,,"HAWAII",,"IDAHO",,,"ILLINOIS",,,,,,,,,,,,,,,,"INDIANA",,,,"IOWA",,,"KANSAS",,,"KENTUCKY",,,,"LOUISIANA",,,,"MAINE",,"MARYLAND",,,,,,"MASSACHUSETTS",,,,,,,"MICHIGAN",,,,"MINNESOTA",,,"MISSISSIPPI",,"MISSOURI",,,,"MONTANA",,,"NEBRASKA",,"NEVADA",,,"NEW HAMPSHIRE",,,"NEW JERSEY",,,"NEW MEXICO",,,,,"NEW YORK",,,,,,,,,,"NORTH CAROLINA",,,,,,,,,"NORTH DAKOTA",,,"OHIO",,,,"OKLAHOMA",,,,,"OREGON",,,,,,,"PENNSYLVANIA",,"PUERTO RICO",,,"RHODE ISLAND",,"SOUTH CAROLINA",,,"SOUTH DAKOTA",,,,,"TENNESSEE",,,,,,,,,,,,,"TEXAS",,,,,,,,"UTAH",,,,,,"VERMONT",,,,,"VIRGIN ISLANDS",,,,"VIRGINIA",,,"WASHINGTON",,,,,,,,,,"WEST VIRGINIA",,"WISCONSIN",,"WYOMING"
1,"State Regulatory Authority",,,,,,"41-9-591, 594",,,,"12.62.110(5), .120(a)",,,"41-1750; 41-2203.A.3",,,,,,"12-12-201, 207, 211, 1003",,,"Pen. Code 11077",,,,,,,,,,"24-33.5-401; 24-72-301",,,"54-142j",,"11-8501, 8601, 8606",,,,,,,,943.05,,,,"35-3-31, 32, 33",,,,"846-2.5",,"67-2910, 2911",,,"20-3930/4, 7",,,,,,,,,,,,,,,,"5-2-5-10; 10-1-2.5-1",,,,"232.45, 148; 690.1; 692.10",,,"22-4704",,,"17.147, .150(6)",,,,"""15:579""",,,,"25-1541(4)",,"27-746",,,,,,"6-168",,,,,,,"28.241 et seq.",,,,"299C.01, .03",,,"45-27-7(1)(a)",,"43.509, 515",,,,"44-2-201; 44-5-105",,,"29-3516",,"179A.080",,,"106-B:14",,,"53:1-12",,,"29-3-1; 32A-15-4",,,,,"Exec. Law 837, Subd. 8; Corr. Law 29(2); Pub. Off. Law 89(1)(b)",,,,,,,,,,"114-10.1, .5, 12, 19; 132-1.4",,,,,,,,,,,,"109.57, 57.1",,,,"74-150.4, Subd. 4.; 74-150.7, Subd. 2.; 74-150-7d",,,,,"181.066, .511, .521, .540, .555, .560, .575; 181.730(3); Reg. Ch. 257, Div. 10",,,,,,,"18-9152, 9161",,"Act 1977 No. 129 § 1; Act 4(c)",,,,,"23-3-130",,,"23-5-5, 6; Reg. 2:02:01, 05",,,,,"38-6-101; 38-10-101 through 105",,,,,,,,,,,,,"Gov't Code 411.081",,,,,,,,"53-5-201",,,,,,"20-2051",,,,,,,,,"9-170; 9-188",,,"10.97.090",,,,,,,,,,"15-2-25",,,,"7-19-105; 9-1-623"
2,"Privacy and Security Council",,,,,,"41-9-594",,,,"12.62.100",,,"41-2203",,,,,,"12-12-201, 202, 203 ",,,,,,,,,,,,,,,,,,"""11-8603""",,,,,,,,"943.06, .08; Reg. 11C-5",,,,"35-3-32",,,,"846-2.5",,,,,"20-3930/2, 7",,,,,,,,,,,,,,,,"5-2-5-11",,,,,,,,,,,,,,"15:578; Reg. LAC 1-18:1",,,,,,"27-744",,,,,,,,,,,,,"Regs. § 28.5107",,,,,,,"45-27-7(1)(f)",,"43.515, 518",,,,,,,"29-3505",,"179A.080",,,"Reg. 7.C, D",,,,,,,,,,,"Pub. Off. Law 89, Subd. (2)(a)",,,,,,,,,,,,,,,,,,,,,,,,,,"74-150.4",,,,,"181.540, .715; Regs. § 257-10",,,,,,,,,"Act 4(i); Act 8; Reg. 3",,,,,,,,,,,,,,,,,,,,,,,,,,,,,,,,,,,,,,,,,,,,,,,,,"9-170",,,,,,,,,,,,,,,,,
3,"Dissemination Regulations",,,,,,,,,,,,,,,,,,,,,,,,,,,,,,,,,,,,,,,,,,,,,,,,,,,,,,,,,,,,,,,,,,,,,,,,,,,,,,,,,,,,,,,,,,,,,,,,,,,,,,,,,,,,,,,,,,,,,,,,,,,,,,,,,,,,,,,,,,,,,,,,,,,,,,,,,,,,,,,,,,,,,,,,,,,,,,,,,,,,,,,,,,,,,,,,,,,,,,,,,,,,,,,,,,,,,,,,,,,,,,,,,,,,,,,,,,,,,,,,,,,,,
,"Conviction Information",,,,,,,,,,,,,,,,,,,,,,,,,,,,,,,,,,,,,,,,,,,,,,,,,,,,,,,,,,,,,,,,,,,,,,,,,,,,,,,,,,,,,,,,,,,,,,,,,,,,,,,,,,,,,,,,,,,,,,,,,,,,,,,,,,,,,,,,,,,,,,,,,,,,,,,,,,,,,,,,,,,,,,,,,,,,,,,,,,,,,,,,,,,,,,,,,,,,,,,,,,,,,,,,,,,,,,,,,,,,,,,,,,,,,,,,,,,,,,,,,,,,,
,3.1,"Authorizes to Criminal Justice Agencies",,,,,"41-9-621(6), 639, 642; Reg. 003",,,,"12.62.160(b)(4)",,,"41-1750.G.1; 41-2204.6",,,,,,"12-12-211, 1008",,,"Pen. Code 11105, 13300",,,,,,,,,,"24-72-305",,,"29-16; 54-142k",,"11-8513, 8516",,,,,"4-133.1; 1 DCMR 1004.1",,,"943.053, .0585, .059; Reg. 11C-6, 7",,,,"35-3-33, 34; Reg. 140-2-.04(1)(b), .04(2)(b)",,,,"846-9",,"67-2911; Id. APA 11.10.01.013",,,"20-2630/3, 7",,,,,,,,,,,,,,,,,,,,"692.2; Regs. 661-11.12",,,"22-4704; Reg. 10-12-1",,,"17.150; Reg. 502 KAR 30:060",,,,"15:584, 587; Reg. LAC 1-18:6",,,,"16-615",,"27-749; Reg. 12.15.01.10, .11",,,,,,"6-172; Reg. 803 CMR 3.02",,,,,,,"28.243, 244; Regs. § 28.5201",,,,"13.82, Subd. 15; 299C.13",,,"45-27-7(1)(d)",,"610.120; Reg. CSR 30-4.070",,,,"44-5-301, 302, 303",,,"29-210, 3520",,"179A.075.4(a); 179A.100",,,"Reg. 3.B.2; Gen. 106-B:14, :14-a",,,"53:1-16, 17; NJAC 13:59-1.1",,,"29-3-2, 3; 29-10-5; 32A-15-3",,,,,"Pub. Off. Law 87(2)(e); Corr. Law § 168-1(5); CPL 160.30; Exec. Law 837(6); Family Court Act § 306.2; Penal Law § 400.00(9); Ch. 54, Laws of 1996",,,,,,,,,,"114-10, 10.1, 19; Reg. NCAC 4F.0401 through .0403",,,,,,,,,"12-60-16.5",,,"109.57(A)",,,,"74-150.9",,,,,"181.555(1)",,,,,,,"18-9121(a)",,"Reg. 8(a); Act 4",,,"""12-1-4""",,"Gen. 23-3-130, 140; Reg. 73-23",,,"23-5-5, 6; 23-6-9, 14; Reg. 2:02:02:03, 2:02:03:06",,,,,"38-6-106; 39-17-1351; 40-15-106(c)(1); 40-32-101(c)(1)",,,,,,,,,,,,,"Gov't Code 411.089; TRCS Art. 6252-17a",,,,,,,,"53-5-214",,,,,,"20-2053; Reg. 6.30(a)",,,,,,,,,"9-187; 19.2-389, 389.1; Reg. 2.3",,,"10.97.050(1); 10.98.150; 43.43.745, 838",,,,,,,,,,"15-2-24(c)",,165.83,,"7-19-106(a); 9-1-627"
,3.11,"Authorizes to Govt. Noncriminal Justice Agencies",,,,,"26-1-4; 41-9-642",,,,"12.62.160(b)(5)",,,"4-202.E; 8-105; 8-230.02; 28-414.E; 36-883.02; 41-1606.02; 41-1750.G; 41-1964",,,,,,"12-12-211, 1009, 1010",,,"Pen. Code 11105, 11105.2, .3, .4, 13300 ",,,,,,,,,,"24-72-305",,,"29-16; 54-142k",,"11-8513, 8514, 8516, 8561",,,,,"1 DCMR 1004.4, .5",,,"943.053, .0585, .059; Reg. 11C-6",,,,"35-3-35; Reg. 140-2-.04(1)(e), .04(2)(b)",,,,"463-5 et seq.; 846-9",,"67-2909",,,"15-310/10b.1; 20-415/8b.1; 20-2605/55a(22); 20-2630/3, 3.1, 7; 40-5/2-156; 40-5/14-149; 40-5/15-187; 40-5/18-163; 225-446/75, 80; 230-5/15, 15(3); 625-5/6-106.1, 411",,,,,,,,,,,,,,,,"5-2-5-4; 10-1-1-21",,,,"692.2; Regs. 661-11.12",,,"22-4704, 4707(b); Reg. 10-12-1",,,"17.150, .165, .167; Reg. 502 KAR 30:060",,,,"15:587; 44:3; Reg. LAC 1-18:6",,,,"16-615",,"27-749; Reg. 12.15.01.10, .12",,,,,,"6-168, 172; 128A-9A; 234A-33; Reg. 803 CMR 3.03, 4.01, 4.02, 5.00 et seq.",,,,,,,"15.231 et seq.",,,,"13.82; Reg. 6 S.R. 269-272",,,"45-27-7(1)(d)",,"43.540; 610.120; Reg. CSR 30-4.070",,,,"44-5-214, 301, 302, 303",,,"29-3520",,"179A.100, .180 through .240",,,"Reg. 3.B",,,"NJAC 13:59-1.1",,,"14-2-1; 28-2-3; 29-10-7; 32A-15-3",,,,,"Soc. Serv. Law 378-a; Pub. Off. Law 87(2)(e); Reg. NYCRR 6052.1; Veh. & Traffic § 1229-d; 509-d; Tax Law 1605(e); Uncon. Laws § 8911; General Bus. Law §§ 69-o, 72, 81, 89-e, 89-i; Alco. & Bev. Con. Law §126; Exec. Law § 837(8-a); Arts & Cu",,,,,,,,,,"110-90.2; 114-19.3, .4; 114-415.12; 115C-332; 131D-10.3A; Reg. NCAC 4F.0405, .0406 ",,,,,,,,,"12-60-16.6",,,,,,,"51-24A.8; 74-150.9B",,,,,"181.555(2)",,,,,,,"18-9121(b)",,"Reg. 8(c)(1)",,,"""12-1-4""",,"Reg. 73-23E.",,,"23-5-12, 12.1; 23-6-14; Reg. 2:02:03:06",,,,,"4-36-202; 10-7-504(a)(2); 33-1-209; 38-6-106, 109; 45-6-206; 62-26-201 et seq.; 62-35-107; 71-2-401; 71-3-504(4); Regs. 1395-1-1-.09(3)",,,,,,,,,,,,,"Gov't Code 411.081 through .128",,,,,,,,"53-5-214",,,,,,"16-214; 20-2053, 2060; 33-309; Reg. 4.10(i), 6.30(b)",,,,,,,,,"19.2-389; 22.1-296.2; 63.1-198.1",,,"10.97.050(1); 28A.400.303-306; 46.72.100; 71.09.115; 74.15.030(1)(b); 82.36.060; 82.38.110; 82.42.040",,,,,,,,,,"15-2-24(d)",,"19.35(1); 165.82",,"7-19-106(a)"
,3.12,"Authorizes to Private Sector",,,,,"26-1-4; 41-9-642",,,,"12.62.160(b)(1), (2), (6), (9), (10)",,,"41-1750.G.2",,,,,,"12-12-1009",,,"Pen. Code 11105, 11105.2, .3, .4, 13300",,,,,,,,,,"24-72-305",,,"54-142k",,"3-10128(b); 11-1448A, 8513, 8514, 8516, 8561",,,,,"1 DCMR 1004.4, .5",,,"119.07; 943.053, .0575; Reg. 11C-6",,,,"35-3-34; Reg. 140-2-.01, .04(1)(f), .04(2)(b)",,,,"846-9",,,,,"20-2605/55a(28); 20-2635/1 et seq.",,,,,,,,,,,,,,,,"5-2-5-5",,,,"692.2; Regs. 661-11.12",,,"22-4704, 4707(b); Reg. 10-12-1",,,"17.150, .160, .165; Reg. 502 KAR 30:060",,,,"40:1300.41; 44:3; Reg. LAC 1-18:6",,,,"16-615",,"27-749; Reg. 12.15.01.10, .13; Fam. Law 5-560 through 568",,,,,,"6-172; Reg. 803 CMR 3.03, 3.04",,,,,,,"15.231 et seq.",,,,"13.82; Reg. 6 S.R. 269-272",,,,,"43.540; Reg. CSR 30-4.070",,,,"44-5-214, 301, 302, 303",,,"29-3520",,"179A.100, .180 through .240",,,"Reg. 3.B",,,"NJAC 13:59-1.1",,,"14-2-1; 29-10-7; 32A-15-3",,,,,"Pub. Off. Law 87(2)(e); Soc. Serv. Law 378-a; Reg. 9 NYCRR 6052",,,,,,,,,,,,,,,,,,,"12-60-16.6",,,"Rule 109:5-1-01",,,,"51-24A.2, .8; 74-150.9C",,,,,"181.555(2)",,,,,,,"18-9121(b), 9125",,,,,"""12-1-4""",,"Reg. 73-23E.",,,"23-5-12, 12.1",,,,,,,,,,,,,,,,,,"Gov't Code 411.081 through .128; Health & Saf. Code Ch. 250",,,,,,,,"53-5-214; 53A-3-410",,,,,,"Reg. 4.10(i), 6.30(b)",,,,,,,,,"19.2-389; 63.1-198.1",,,"10.97.050(1); 43.43.815, .830 through .845",,,,,,,,,,"15-2-24(d)",,"19.35(1)",,
,3.13,"Prohibits to Criminal Justice Agencies",,,,,,,,,,,,,,,,,,,,,,,,,,,,,,,,,,,,,,,,,,,,"943.0585, .059",,,,"35-3-34(b); Reg. 140-2-.04(1)(b)(3)",,,,,,,,,,,,,,,,,,,,,,,,,"5-2-5-5",,,,,,,,,,,,,,,,,,,,,,,,,,,,,,,,,,,,,,,,,,,,,,,,,,,,,,,,,,,,,,,,,,,,,,,,,,,,,,,,,,,,,,,,,,,,,,,,,,,,,,,,,,,,,,,,,,,,,,,,,,,,,,,,,,,,,,,,,,,,,,,,,,,,,,,,,,,,,,,,,,,,,,,,,,,
,3.14,"Prohibits to Govt. Noncriminal Justice Agencies",,,,,,,,,,,,,,,,,,,,,,,,,,,,,,,,,,,,,,,,,,,,"943.0585, .059",,,,"35-3-34(b); Reg. 140-2-.04(1)(b)(3)",,,,,,,,,"20-2630/7",,,,,,,,,,,,,,,,,,,,,,,,,,,,,,"""15:587""",,,,,,,,,,,,,,,,,,,"Regs. § 28.5210",,,,"364.04(2), (3)",,,,,,,,,,,,,,,,,,,,,,,"14-2-1; 28-2-3",,,,,,,,,,,,,,,,,,,,,,,,,,,,,,,,,,,,,,,,,,,,,,,,,,,,,,,,,,"40-15-106(b), (c)(1); 40-32-101(b), (c)(1); Op. Atty. Gen. (Feb. 28, 1984)",,,,,,,,,,,,,,,,,,,,,,,,,,,,,,,,,,,,,,,,,,,,,,,,,,,,,"9-1-627"
,3.15,"Prohibits to Private Sector",,,,,,,,,,,,,,,,,,,,,,,,,,,,,,,,,,,,,,,,,,,,"943.0585, .059",,,,"35-3-34(b); Reg. 140-2-.04(1)(b)(3)",,,,,,"Id. APA 11.10.01.014",,,"20-2630/7; 20-2635/1 et seq.",,,,,,,,,,,,,,,,,,,,,,,,,,,,,,"""15:587""",,,,,,,,,,,,,,,,,,,"Regs. § 28.5201",,,,"364.04(2), (3)",,,,,,,,,,,,,,,,,,,,,,,"14-2-1; 14-2A-1; 29-10-4",,,,,"Reg. 9 NYCRR 6150.4",,,,,,,,,,"132-1.4; Reg. NCAC 4F.0401 through .0403",,,,,,,,,,,,,,,,,,,,,,,,,,,,,,,,,,,,,,"23-5-11",,,,,"40-15-106(b), (c)(1); 40-32-101(b), (c)(1); Op. Atty. Gen. (Feb. 28, 1984)",,,,,,,,,,,,,"Ops. Atty. Gen. (May 14, 1976) No. 127; Ops. Atty. Gen. (Sept. 24, 1976) No. 144",,,,,,,,,,,,,,,,,,,,,,,,,,"43.43.834",,,,,,,,,,,,,,"9-1-627"
,"Nonconviction Information",,,,,,,,,,,,,,,,,,,,,,,,,,,,,,,,,,,,,,,,,,,,,,,,,,,,,,,,,,,,,,,,,,,,,,,,,,,,,,,,,,,,,,,,,,,,,,,,,,,,,,,,,,,,,,,,,,,,,,,,,,,,,,,,,,,,,,,,,,,,,,,,,,,,,,,,,,,,,,,,,,,,,,,,,,,,,,,,,,,,,,,,,,,,,,,,,,,,,,,,,,,,,,,,,,,,,,,,,,,,,,,,,,,,,,,,,,,,,,,,,,,,,
,3.2,"Authorizes to Criminal Justice Agencies",,,,,"41-9-621",,,,"12.62.160(b)(4)",,,"41-1750.G.1; 41-2204.6",,,,,,"12-12-211, 1008",,,"Pen. Code 11105, 13203, 13300",,,,,,,,,,"24-72-305",,,"29-16; 54-142n",,"11-8513, 8516",,,,,"4-133.1; 1 DCMR 1004.1",,,"943.053, .0585, .059; Reg. 11C-6, 7",,,,"35-3-33; Reg. 140-2-.04(1)(b), .04(2)(b)",,,,"846-9",,"67-2911; Id. APA 11.10.01.013",,,"20-2630/3, 7",,,,,,,,,,,,,,,,"5-2-5-4; 10-1-1-21",,,,"692.2; Regs. 661-11.12",,,"22-4704; Reg. 10-12-2",,,"17.150; Reg. 502 KAR 30:060",,,,"15:587; Reg. LAC 1-18:6(3)",,,,"16-613(1)",,"27-749; Reg. 12.15.01.10, .11",,,,,,"6-172; Reg. 803 CMR 3.02, 7.03(1)(d)",,,,,,,"28.243, 244; Regs. § 28.5201",,,,"13.82, Subd. 15; 299C.13",,,"45-27-7(1)(d)",,"610.120; Reg. CSR 30-4.070",,,,"44-5-301, 303",,,"29-210, 3520",,"179A.075.4(a), .100",,,"Reg. 3.A.2",,,"53:1-16, 17; NJAC 13:59-1.1",,,"29-3-2, 3; 29-10-5; 32A-2-32; 32A-3B-22; 32A-15-3",,,,,"Corr. Law 29; CPL 160.50, 160.55(1)(d), 170.56(3); Exec. Law § 837(6)",,,,,,,,,,"114-10.1, 19; Reg. NCAC 4F.0401 through .0403",,,,,,,,,"12-60-16.5",,,"109.57(A)",,,,"74-150.9",,,,,"181.555(1)",,,,,,,"18-9121(a)",,"Reg. 8(a); Act 4",,,"""12-1-4""",,"Reg. 73-23",,,"23-6-9, 14; Reg. 2:02:03:06",,,,,"38-6-106; 39-17-1351; 40-15-106(c)(1); 40-32-101(c)(1); 71-3-504(4)",,,,,,,,,,,,,"Gov't Code 411.089; TRCS Art. 6252-17a",,,,,,,,"53-5-214",,,,,,"20-2053; Reg. 6.30(a)",,,,,,,,,"9-187; 19.2-389, 389.1; Reg. 2.3",,,"10.97.050(3); 10.98.150",,,,,,,,,,"15-2-24(c)",,165.83,,"7-19-106(a)"
,3.21,"Authorizes to Govt. Noncriminal Justice Agencies",,,,,,,,,"12.62.160(b)(5)",,,"4-202.E; 8-105; 8-230.02; 28-414.E; 36-883.02; 41-1606.02; 41-1750.G; 41-1964",,,,,,"12-12-211, 1010",,,"Pen. Code 11105, 11105.2, 13300",,,,,,,,,,"24-72-305",,,"29-16; 54-142n",,"11-8513, 8514, 8516, 8561",,,,,,,,"943.053, .0585, .059; Reg. 11C-6",,,,"35-3-35",,,,"846-9",,"67-2909",,,"20-10/22; 20-2630/7; 225-10/4, 4.1, 4.2; 230-10/22",,,,,,,,,,,,,,,,,,,,"692.2; Regs. 661-11.12",,,,,,"17.150; Reg. 502 KAR 30:060",,,,"15:587; Reg. LAC 1-18:6(3)",,,,"16-613(2), 617",,"27-749; Reg. 12.15.01.10, .12",,,,,,"6-168, 172, 172B; Reg. 803 CMR 7.03",,,,,,,"Governor's Executive Order 1990-10",,,,"13.82; Reg. 6 S.R. 269-272",,,"45-27-7(1)(d)",,"610.120; Reg. CSR 30-4.370",,,,"44-5-214, 301, 303",,,"29-3520",,"179A.100, .180 through .240",,,"Reg. 3.B.8",,,"NJAC 13:59-1.1",,,"14-2-1; 29-10-7; 32A-2-32; 32A-3B-22; 32A-15-3",,,,,"Exec. Law § 837(8-a)",,,,,,,,,,"110-90.2; 114-19.3, .4; 114-415.12; 115C-332; 131D-10.3A; Reg. NCAC 4F.0405, .0406",,,,,,,,,,,,,,,,"51-24A.8; 74-150.9B",,,,,"181.555(2)",,,,,,,,,"Reg. 8(c)(1)",,,"""12-1-4""",,,,,"23-5-12; 23-6-14; Reg. 2:02:03:06",,,,,"4-36-202; 10-7-504(a)(2); 33-1-209; 37-1-408; 45-6-206; 62-26-201/230; 62-35-107; Regs. 1395-1-1-.09",,,,,,,,,,,,,"Gov't Code 411.081 through .128",,,,,,,,"53-5-214; 77-18-2",,,,,,"20-2053; Reg. 4.10(i), 6.30(b)",,,,,,,,,"19.2-389",,,"10.97.050(4), (5), (6); 28A.400.303-306; 71.09.115; 74.15.030(1)(b); 82.36.060; 82.38.110",,,,,,,,,,"15-2-24(d)",,"19.35(1); 165.82",,"7-19-106(a)"
,3.22,"Authorizes to Private Sector",,,,,"32-2-60 through 32-2-62",,,,"12.62.160(b)(6)",,,,,,,,,,,,"Pen. Code 11105, 11105.2, 13300",,,,,,,,,,"24-72-305",,,"54-142n",,"3-10128(b); 11-8513, 8514, 8516, 8561",,,,,"1-1521 et seq.",,,"119.07; 943.053, .0575; Reg. 11C-6",,,,"35-3-34",,,,"846-9",,,,,,,,,,,,,,,,,,,,,,,,,"692.2; Regs. 661-11.12",,,,,,"17.150; Reg. 502 KAR 30:060",,,,,,,,"16-613(2), 617",,"27-749; Reg. 15.02.05; Fam. Law 5-560 through 5.568",,,,,,"6-172, 178A; Reg. 803 CMR 7.03",,,,,,,380.123,,,,"13.82; Reg. 6 S.R. 269-272",,,,,"610.120; Reg. CSR 30-4.370",,,,"44-5-214, 301, 303",,,"29-3520",,"179A.100, .180 through .240",,,"Reg. 3.B.8",,,,,,"14-2-1; 29-10-6, 7; 32A-2-32; 32A-3B-22; 32A-15-3",,,,,,,,,,,,,,,"Reg. NCAC 4F .0407, .0408",,,,,,,,,,,,"Rule 109:5-1-01",,,,"51-24A.2, .8",,,,,"181.555(2)",,,,,,,,,"Reg. 8(c)(1)",,,"""12-1-4""",,,,,"23-5-12",,,,,,,,,,,,,,,,,,"Gov't Code 411.081 through .128",,,,,,,,"53-5-214; 53A-3-410; 77-18-9",,,,,,"Reg. 4.10(i), 6.30(b)",,,,,,,,,"19.2-389",,,"10.97.050(4), (5), (6)",,,,,,,,,,"15-2-24(d)",,"19.35(1)",,
,3.23,"Prohibits to Criminal Justice Agencies",,,,,,,,,,,,,,,,,,,,,,,,,,,,,,,,,,,,,,,,,,,,"943.0585, .059",,,,,,,,,,,,,"20-2630/5 (Sealed Records Only)",,,,,,,,,,,,,,,,,,,,692.17,,,,,,,,,,,,,,,,,,,,,,,,,,,,,,,,,,,,,,,,,,,,,,,,,,,,,,,,,,,,,,,,,,,,,,,,,,,,,,,,,,,,,,,,,,,,,,,,,,,,,,,,,,,,,,,,,,,,,,,,,,,,,,,,,,,,,,,,,,,,,,,,,,,,,,,,,,,,,,,,,,,,,,,
,3.24,"Prohibits to Govt. Noncriminal Justice Agencies",,,,,"41-9-639",,,,,,,,,,,,,"12-12-1009",,,"Step Foundation, Inc. v. Younger (App 1979); 157 Cal. Rptr. 117, Lab. Code 432.7(f)(1)",,,,,,,,,,,,,,,,,,,,,,,"943.0585, .059",,,,"35-3-35; Reg. 140-2-.04(1)(g)",,,,,,,,,"20-2605/55a(22); 20-2630/3, 3.1, 7",,,,,,,,,,,,,,,,,,,,692.17,,,"Reg. 10-11-2",,,,,,,"44:3; Reg. LAC 1-18:6",,,,,,,,,,,,"6-172; Reg. 803 CMR 401(3)",,,,,,,,,,,"364.04(1)",,,,,"610.120; Reg. CSR 30-4.370",,,,"44-5-301(1)(a), (1)(b)",,,,,,,,"Reg. 3.B.3",,,,,,"14-2-1; 28-2-3; 32A-2-32; 32A-3B-22",,,,,"CPL 170.56(3)",,,,,,,,,,,,,,,,,,,"12-60-16.6",,,,,,,,,,,,,,,,,,,"18-9121(b), 9124",,,,,,,"Reg. 73-23E.",,,,,,,,"40-15-106(b), (c)(1); 40-32-101(b), (c)(1); Op. Atty. Gen. (Feb. 28, 1984)",,,,,,,,,,,,,,,,,,,,,,,,,,,,,,,,,,,,"19.2-389",,,,,,,,,,,,,,,,,"9-1-627"
,3.25,"Prohibits to Private Sector",,,,,"41-9-639",,,,,,,,,,,,,"12-12-211, 1009",,,"Lab. Code 432.7(f)(1)",,,,,,,,,,,,,,,,,,,,,,,"943.058, .059",,,,"35-3-34; Reg. 140-2-.04(1)(g)",,,,,,"Id. APA 11.10.01.014",,,"20-2630/7; 20-2635/1 et seq.",,,,,,,,,,,,,,,,,,,,692.17,,,"Reg. 10-11-2",,,,,,,"44:3; Reg. LAC 1-18:6",,,,,,,,,,,,"6-172; Reg. 803 CMR 401(3)",,,,,,,,,,,"364.04(1)",,,,,"610.120; Reg. CSR 30-4.375",,,,"44-5-301(1)(a), (1)(b)",,,,,,,,"Reg. 3.B.3",,,"NJAC 13:59-1.1",,,"14-2-1; 14-2A-1; 29-10-4; 32A-2-32; 32A-33-22",,,,,"CPL 170.56(3)",,,,,,,,,,"132-1.4; Reg. NCAC 4F.0401 through .0403",,,,,,,,,"12-60-16.6 after one year",,,,,,,,,,,,"181.560(1)(b)",,,,,,,"18-9121(b)",,,,,,,"Reg. 73-23E.",,,"23-5-11",,,,,"40-15-106(b), (c)(1); 40-32-101(b), (c)(1); Op. Atty. Gen. (Feb. 28, 1984)",,,,,,,,,,,,,"Ops. Atty. Gen. (May 14, 1976) No. 127; Ops. Atty. Gen. (Sept. 24, 1976) No. 144",,,,,,,,,,,,,,,,,,,,,,,"19.2-389",,,,,,,,,,,,,,,,,"9-1-627"
,"Arrest Information",,,,,,"41-9-621",,,,,,,,,,,,,"12-12-211, 1008",,,,,,,,,,,,,,,,,,,,,,,,,,,,,,,,,,,,"67-2911; Id. APA 11.10.01.013",,,"20-2630/3, 7",,,,,,,,,,,,,,,,,,,,,,,,,,,,,,,,,,,,,,,,,,,,,,,,,,,,,,,,,,,,,,,,,,,,,,,,,,,,,,,,,,,,,,,,,,,,,,,,,,,,,,,,,,,,,,,,,,,,,,,,,,,,,,,,,,,,,,,,,,,,,,,,,,,,,,,,,,,,,,,,,,,,,,,,,,,,,,,,,,,,,,,,,,,
,3.3,"Authorizes to Criminal Justice Agencies",,,,,"41-9-642",,,,"12.62.160(b)(4), (8)",,,"41-1750.G.1; 41-2204.6",,,,,,"12-12-211, 1010",,,"Pen. Code 11105, 13203, 13300",,,,,,,,,,"24-72-305",,,"29-16; 54-142k",,"11-8513, 8516",,,,,"4-133.1; 1 DCMR 1004.1",,,"943.053, .0585, .059; Reg. 11C-6",,,,"35-3-34; Reg. 140-2-.04(1)(b), .04(2)(b)",,,,"846-9",,"67-2909",,,,,,,,,,,,,,,,,,,"5-2-5-4; 10-1-1-21",,,,"692.2; Regs. 661-11.12",,,"22-4704; Reg. 10-12-2",,,"17.150, .167; Reg. 502 KAR 30:060",,,,"15:584, 587; Reg. LAC 1-18:6(3)",,,,"16-613(1), 615",,"27-749; Reg. 12.15.01.10, .11",,,,,,"6-172; Reg. 803 CMR 3.02",,,,,,,"28.243, 244; Regs. § 28.5201",,,,"13.82, Subd. 15; 299C.13",,,"45-27-7(1)(d)",,"610.120; Reg. CSR 30-4.070",,,,"44-5-301, 302, 303",,,"29-210, 3520",,"179A.075.4(a); 179A.100",,,"Reg. 3.A.2",,,"53:1-16, 17; NJAC 13:59-1.1",,,"29-3-2, 3; 29-10-5; 32A-2-32; 32A-3B-22; 32A-15-3",,,,,"Exec. Law 837(6), 837-c(c); Corr. Law 29; CPL 160.30",,,,,,,,,,"114-10, 10.1, 19; Reg. NCAC 4F.0401 through .0403",,,,,,,,,"12-60-16.5",,,"109.57(A)",,,,"74-150.9",,,,,"181.555(1)",,,,,,,"18-9121(a)",,"Reg. 8(a); Act 4",,,"""12-1-4""",,"Reg. 73-23",,,"23-6-9, 14; Reg. 2:02:03:06",,,,,"38-6-106; 39-17-1351; 40-15-106(c)(1); 40-32-101(c)(1); 71-2-401; 71-3-504(4)",,,,,,,,,,,,,"Gov't Code 411.089; TRCS Art. 6252-17a",,,,,,,,"53-5-214",,,,,,"20-2053; Reg. 6.30(a)",,,,,,,,,"9-187; 19.2-389, 389.1; Reg. 2.3",,,"10.97.030(2), .050(2); 10.98.150",,,,,,,,,,"15-2-24(e)",,165.83,,"7-19-106(a)"
,3.31,"Authorizes to Govt. Noncriminal Justice Agencies",,,,,"32-2-60 through 32-2-62; 41-9-642",,,,"12.62.160(b)(5), (8)",,,"4-202.E; 8-105; 28-414.E; 41-1750.G",,,,,,,,,"Pen. Code 11105, 11105.2, 13300",,,,,,,,,,"24-72-305",,,"29-16; 54-142k",,"11-8513, 8514, 8516, 8561",,,,,,,,"943.053, .0585, .059; Reg. 11C-6",,,,"35-3-35; Reg. 140-2-.04(1)(e), .04(2)",,,,"846-9",,,,,,,,,,,,,,,,,,,,,,,,,"692.2; Regs. 661-11.12",,,,,,"17.150; Reg. 502 KAR 30:060",,,,"15:587; Reg. LAC 1-18:6(3)",,,,"16-612(3), 613(2)",,"5-560 through 568; 27-749; Reg. 12.15.01.10, .12",,,,,,"6-172; Reg. 803 CMR 3.03",,,,,,,"Governor's Executive Order 1990-10",,,,"13.82; Reg. 6 S.R. 269-272",,,"45-27-7(1)(d)",,"610.120; Reg. CSR 30-4.070",,,,"44-5-214, 301, 302, 303",,,,,"179A.100, .180 through .240",,,"Reg. 3.B.8",,,"NJAC 13:59-1.1",,,"14-2-1; 28-2-3; 29-10-7; 32A-2-32; 32A-3B-22; 32A-15-3",,,,,,,,,,,,,,,"110-90.2; 114-10.1, 19.3, .4; 114-415.12; 115C-332; 131D-10.3A; Reg. NCAC 4F.0405, .0406",,,,,,,,,,,,,,,,"51-24A.8; 74-150.9B",,,,,"181.560(1)(b)",,,,,,,"18-9121(b)",,"Reg. 8(c)(1)",,,"""12-1-4""",,"Reg. 73-23E.",,,"23-5-12; 23-6-14; Reg. 2:02:03:06",,,,,"4-36-202; 10-7-504(a)(2); 33-1-209; 37-1-408; 45-6-206; 62-26-201/230; 62-35-107",,,,,,,,,,,,,"Gov't Code 411.081 through .128",,,,,,,,"53-5-214; 77-18-9",,,,,,"20-2053; Reg. 4.10(i), 6.30(b)",,,,,,,,,"19.2-389; 22.1-296.2",,,"10.97.030(2), .050(2); 28A.400.303-306; 71.09.115; 74.15.030(1)(b); 82.36.060; 82.38.110; 82.42.040",,,,,,,,,,"15-2-24(d)",,"19.35(1); 165.82",,"7-19-106(a)"
,3.32,"Authorizes to Private Sector",,,,,,,,,"12.62.160(b)(6), (8)",,,"41-1750.G.2",,,,,,,,,"Pen. Code 291, 291.1, .5, 11105, 11105.03, .2, .3, 13300",,,,,,,,,,"24-72-305",,,"54-142k",,"3-10128(b); 11-1448A, 8513, 8514, 8516, 8561",,,,,"1-1521 et seq.",,,"119.07; 943.053, .0575; Reg. 11C-6",,,,"35-3-35; Reg. 140-2-.01, .04(1)(b)",,,,"846-9",,,,,,,,,,,,,,,,,,,,,,,,,"692.2(5); Regs. 661-11.12",,,,,,"17.150; Reg. 502 KAR 30:060",,,,"""40:1300.41""",,,,"16-612(3)(A), (B), 612(A), 613(2)",,"5-560 through 5-568; 27-749; Reg. 15.02.05",,,,,,"6-172; Reg. 803 CMR 3.04, 3.06",,,,,,,380.123,,,,"13.82; Reg. 6 S.R. 269-272",,,,,610.1,,,,"44-5-214, 301, 302, 303",,,,,"179A.100, .180 through .240",,,"Reg. 3.B.8",,,"NJAC 13:59-1.1",,,"14-2-1; 29-10-6, 7; 32A-2-32; 32A-3B-22; 32A-15-3",,,,,,,,,,,,,,,,,,,,,,,,,,,"Rule 109:5-1-01",,,,"51-24A.2, .8",,,,,"181.560(1)(b)",,,,,,,"18-9121(b), 9125",,"Reg. 8(c)(1)",,,"""12-1-4""",,"Reg. 73-23E.",,,"23-5-12",,,,,,,,,,,,,,,,,,"Gov't Code 411.081 through .128",,,,,,,,"53-5-214; 53A-3-410; 77-18-9",,,,,,"Reg. 4.10(i), 6.30(b)",,,,,,,,,"19.2-389",,,"10.97.030(2), .050(2)",,,,,,,,,,"15-2-24(d)",,"19.35(1)",,
,3.33,"Prohibits to Criminal Justice Agencies",,,,,,,,,,,,,,,,,,,,,,,,,,,,,,,,,,,,,,,,,,,,"943.0585, .059",,,,"Reg. 140-2-.04(1)(b)(3)",,,,,,,,,,,,,,,,,,,,,,,,,,,,,,,,,,,,,,,,,,,,,,,,,,,,,,,,,,,,,,,,,,,,,,,"44-5-301(1)(a)",,,,,,,,,,,,,,,,,,,,,,,,,,,,,,,,,,,,,,,,,,,,,,,,,,,,,,,,,,,,,,,,,,,,,,,,,,,,,,,,,,,,,,,,,,,,,,,,,,,,,,,,,,,,,,,,,,,,,,,,,,,,,
,3.34,"Prohibits to Govt. Noncriminal Justice Agencies",,,,,,,,,,,,,,,,,,,,,,,,,,,,,,,,,,,,,,,,,,,,"943.0585, .059",,,,"35-3-35; Reg. 140-2-.04(1)(b)(3)",,,,,,,,,"20-2630/3, 3.1, 7; 20-2605/55a(22)",,,,,,,,,,,,,,,,,,,,,,,"Reg. 10-12-2",,,,,,,"44:3; Reg. LAC 1-18:6",,,,,,,,,,,,,,,,,,,"Regs. § 28.5201",,,,,,,,,,,,,"44-5-301(1)(a)",,,"29-3523",,,,,"Reg. 3.B.3",,,,,,"14-2-1; 28-2-3; 32A-2-32; 32A-3B-22",,,,,"CPL 160.50(1)(c), .55(1)(c)",,,,,,,,,,,,,,,,,,,"12-60-16.6",,,,,,,,,,,,,,,,,,,,,,,,,,"Reg. 73-23E.",,,,,,,,"40-15-106(b), (c)(1); 40-32-101(b), (c)(1); Op. Atty. Gen. (Feb. 28, 1984)",,,,,,,,,,,,,,,,,,,,,,,,,,,,,,,,,,,,"19.2-389",,,"43.43.832",,,,,,,,,,,,,,
,3.35,"Prohibits to Private Sector",,,,,,,,,,,,,,,,,,"12-12-211, 1009",,,,,,,,,,,,,,,,,,,,,,,,,,"943.0585, .059",,,,"35-3-34; Reg. 140-2-.04(1)(b)(3)",,,,,,"Id. APA 11.10.01.014",,,"20-2630/7; 20-2635/1 et seq.",,,,,,,,,,,,,,,,,,,,,,,"Reg. 10-12-2",,,,,,,"44:3; Reg. LAC 1-18:6",,,,,,,,,,,,,,,,,,,"Regs. § 28.5201",,,,,,,,,610.1,,,,,,,"29-3523",,,,,"Reg. 3.B.3",,,,,,"14-2-1; 14-2A-1; 29-10-4; 32A-2-32; 32A-3B-22",,,,,"CPL 160.50(1)(c), .55(1)(c)",,,,,,,,,,"132-1.4; Reg. NCAC 4F.0401 through .0403",,,,,,,,,"12-60-16.6 after one year",,,,,,,,,,,,"181.560(1)(b)",,,,,,,,,,,,,,"Reg. 73-23E.",,,"23-5-11",,,,,"40-15-106(b), (c)(1); 40-32-101(b), (c)(1); Op. Atty. Gen. (Feb. 28, 1984)",,,,,,,,,,,,,"Ops. Atty. Gen. (May 14, 1976) No. 127; Ops. Atty. Gen. (Sept. 24, 1976) No. 144",,,,,,,,,,,,,,,,,,,,,,,"19.2-389",,,"43.43.832",,,,,,,,,,,,,,
4,"Inspection",,,,,,,,,,,,,,,,,,,"12-12-1013",,,,,,,,,,,,,,,,,,,,,,,,,,,,,,,,,,,,,,,,,,,,,,,,,,,,,,,,,,,"692.5; Regs. 661-11.4, .5, .15",,,,,,,,,,,,,,,,,,,,,,,,,,,,,,,,,,,,,,,,,,,,,,,,,,,,,,,,,,,,,"CPL 160.50(1)(d), .55(1)(d)",,,,,,,,,,,,,,,,,,,,,,,,,,,,,,,,,,,,,,,,,,,,,,,,,,,,,,,,,,,,,,,,,,,,,,,,,,"53-5-214(7)",,,,,,,,,,,,,,,,,,,,,,,,,,,,,,,,
,4.1,"Right to Inspect Only",,,,,"41-9-621, 643",,,,,,,,,,,,,,,,,,,,,,,,,,,,,,,,,,,,,,,,,,,"35-3-37; Reg. 140-2-.10",,,,,,"67-2911",,,,,,,,,,,,,,,,,,,,,,,,,,,,,,,,,,,,,,,,,,,,,,,,,,,,,,,,"13.03(3)",,,,,,,,,,,,,,,,,,,,,,,,,,,,,,,,,,,,,,,,,,,,,,,,,,,,,,,,,,,,,,,,,,,,,,,,,,,,"23-5-12; 23-6-11, 14; Reg. 2:02:03:06",,,,,,,,,,,,,,,,,,,,,,,,,,"63-2-85.4(5)",,,,,,,,,,,,,,,,,,,,,,,,,,,,,,,,
,4.2,"Right to Inspect and Take Notes",,,,,,,,,,,,,,,,,,,,,,,,,,,,,,,,,,,,,,,,,,,,,,,,"35-3-37; Reg. 140-2-.10",,,,,,,,,"20-2630/7",,,,,,,,,,,,,,,,,,,,"Regs. 661-11.5",,,"22-4709, 4711; Reg. 10-13-2",,,,,,,"""15:588""",,,,,,"27-751; Reg. 12.15.01.05",,,,,,"Reg. 803 CMR 6.05(5)",,,,,,,15.233,,,,,,,,,,,,,,,,,,,,,,,,,,,,,,,,,,,,,,,,,,"Reg. NCAC 4F.0404",,,,,,,,,"12-60-16.3 and Administrative Rules",,,,,,,,,,,,,,,,,,,,,,,,,,,,,,,,,,,,,,,,,,,,,,,"Gov^t Code § 552.023; TRCS Art. 6252-17a; Reg. 37 TAC 27.1",,,,,,,,,,,,,,"Reg. 8.20",,,,,,,,,,,,"10.97.080; 43.43.730; Reg. WAC 446-20-090",,,,,,,,,,,,,,
,4.3,"Right to Inspect and Obtain Copy",,,,,"32-2-60 through 32-2-62",,,,"12.62.160(b)(11)",,,"41-1750.G.5; Reg. 13-1-08",,,,,,"12-12-211",,,"Pen. Code 11122, 11124, 13323",,,,,,,,,,"24-72-301, 303, 306",,,"54-142k",,"""11-8513""",,,,,"1-1522; 4-135; 1 DCMR 1004.1 et seq.",,,"943.056; Reg. 11C-8",,,,"35-3-37(b); Reg. 140-2-.10",,,,"92E-7; 846-14",,"9-338, 342",,,,,,,,,,,,,,,,,,,"5-2-5-8",,,,"692.5; Regs. 661-11.4, .5",,,,,,"17.150; 61-874, 884; Reg. 502 KAR 30:070",,,,"Reg. LAC 1-18:3(9)",,,,"16-620(1)",,"Reg. 12.15.01.05",,,,,,"6-175; Reg. 803 CMR 6.02, 6.05, 6.06",,,,,,,"15.233, .235",,,,"13.04, Subd. 3",,,"45-27-11",,"Reg. CSR 30-4.070",,,,"44-5-214",,,"29-3520, 3525",,"179A.150",,,"Reg. 3.B.9",,,,,,"14-2-1 et seq.; 14-2A-1; 29-10-6, 8; 32A-2-26, 32; 32A-3B-22",,,,,"Reg. 9 NYCRR 6050.1",,,,,,,,,,,,,,,,,,,,,,,,,,"51-24A.5",,,,,"181.540(1)(b)",,,,,,,"18-9151, 9152; Reg. 195.4",,"Act 4(m); Reg. 9(a)",,,"38-2-3",,"Reg. 73-25",,,"1-11-13; 23-5-13; 23-6-9; Reg. 2:02:03:01",,,,,"10-7-506, 507; 40-15-106; 40-32-101; 40-35-313; Regs. 1395-1-1-.08(1)(k)",,,,,,,,,,,,,"Reg. 37 TAC 27.1; TRCS Art. 6252-17a",,,,,,,,"53-5-214(7)",,,,,,"Reg. 8.10",,,,,"T.3-881(b)",,,,"9-192, 193; 19.2-389; Reg. 2.3, 2.4",,,"10.97.080; Reg. WAC 446-20-090",,,,,,,,,,"29B-1-3",,"19.35(1)",,"7-19-109"
5,"Right to Challenge",,,,,,"41-9-645",,,,"12.62.170(b)",,,"41-2203.A.5; Reg. 13-1-08.D",,,,,,"12-12-211, 1013",,,"Pen. Code 11126, 13324",,,,,,,,,,"24-72-307",,,"54-142l",,"11-1448A, 8506(e), 8560",,,,,,,,"943.056; Reg. 11C-8",,,,"35-3-37(b); Reg. 140-2-.10",,,,"92E-11; 846-14",,"9-342, 343",,,"20-2630/7; 20-3930/7(h)",,,,,,,,,,,,,,,,"5-2-5-8(b), 10(b)",,,,"692.5; Regs. 661-11.4",,,"22-4709, 4711",,,"Reg. 502 KAR 30:070",,,,"15:588; Reg. LAC 1-18:4",,,,"16-620(2), (3)",,"27-752; Reg. 12.15.01.05, .06, .07",,,,,,"6-175; Reg. 803 CMR 6.07, 6.08",,,,,,,"Regs. § 28.5210",,,,"13.04, Subd. 4",,,"45-27-11",,"Reg. CSR 30-4.070",,,,"44-5-215",,,"29-3525, 3526",,"179A.150",,,"Reg. 7",,,"NJAC 13:59-1.6(b)",,,"29-10-8",,,,,"Reg. 9 NYCRR 6050.2",,,,,,,,,,"Reg. NCAC 4F.0404",,,,,,,,,"12-60-16.3 and Administrative Rules",,,,,,,,,,,,"181.540(1)(b)",,,,,,,"18-9151, 9152; Reg. 195.5",,"Act 4(o); Act. 15; Reg. 9(b)",,,,,"Reg. 73-25",,,"Reg. 2:02:03:02, 05",,,,,,,,,,,,,,,,,,"Reg. 37 TAC 27.1",,,,,,,,"53-5-214(7)(b); 63-2-85.4(6)",,,,,,"Reg. 8.30",,,,,,,,,"9-192; Reg. 2.5",,,"10.97.080; 43.43.730; Reg. WAC 446-20-120",,,,,,,,,,,,,,"7-19-109"
6,"Judicial Review of Challenged Information",,,,,,"41-9-645",,,,"12.62.170(c)",,,,,,,,,,,,"Pen. Code 11126",,,,,,,,,,"24-72-307",,,,,"11-1448A",,,,,,,,,,,,"35-3-37(c); Reg. 140-2-.10",,,,9.20E-010,,"9-342",,,,,,,,,,,,,,,,,,,,,,,"692.5; Regs. 661-11.6",,,,,,"17.150(5); Reg. 502 KAR 30:070, Sec. (6)",,,,"Reg. LAC 1-18:4(14)",,,,"16-620(4)",,"27-753(c), Reg. 12.15.01.05, .07",,,,,,"6-176",,,,,,,,,,,"13.04, Subd. 4; 14-63 et seq.",,,"45-27-11",,,,,,,,,,,,,,,,,,,,"29-10-8",,,,,,,,,,,,,,,,,,,,,,,,,,,,,,,,,,,,"Reg. 257-10-035(5)",,,,,,,"18-9152(e)",,"Act 16",,,,,,,,"Reg. 2:02:05:01",,,,,,,,,,,,,,,,,,,,,,,,,,,,,,,,,,,,,,,,,"9-192",,,"43.43.730",,,,,,,,,,,,,,"7-19-109"
7,"Purging Nonconviction Information",,,,,,"41-9-625",,,,"12.62.190",,,,,,,,,,,,"Pen. Code 851.8; H. & S. Code 11361.5",,,,,,,,,,,,,"54-142a",,"11-8506(c)",,,,,,,,"943.0585; Reg. 11C-7",,,,"35-3-37(c)",,,,"831-3.2; 853-1(e)",,"67-2912",,,"20-2605/55(a); 20-2630/5",,,,,,,,,,,,,,,,"35-38-5-1",,,,"692.16, .17",,,,,,,,,,"15:586; 44:9",,,,,,"27-736, 737",,,,,,"6-175; Reg. 803 CMR 6.07(3)",,,,,,,28.243,,,,"152.18; 299C.11 ",,,"45-27-9(2), (4)",,"610.123, 124, 125, 126",,,,"44-5-202(8), 212",,,,,"179A.075.3c; 179A.160",,,"Reg. 3.D",,,,,,"30-31-28; 32A-2-26; 32A-3B-21, 26; 32A-20-1",,,,,"CPL 160.50; Family Court Act § 354.1",,,,,,,,,,"15A-146; Reg. NCAC 4F.0501, .0502",,,,,,,,,,,,"109.60; 2951.04.1",,,,"22-18, 19; 22-305.4, 991C",,,,,137.225,,,,,,,"18-9122",,,,,"""12-1-12""",,"17-1-40; Reg. 73-27",,,"23-6-8.1; Reg. 2:02:03:02, 05",,,,,"40-15-106; 40-32-101",,,,,,,,,,,,,"Code of Crim. Proc. Art. 55.01",,,,,,,,"53-5-214(4); 77-18-9",,,,,,"Reg. 10.10",,,,,,,,,"9-190",,,"10.97.060; Reg. WAC 446-20-110",,,,,,,,,,"15-2-24(h)",,"165.84(1)",,
8,"Purging Conviction Information",,,,,,,,,,"12.62.190",,,"8-247",,,,,,,,,"Pen. Code 1203.45; H. & S. Code 11361.5",,,,,,,,,,,,,"54-142a",,"11-8506(c)",,,,,,,,"943.0585; Reg. 11C-7",,,,"35-3-37(c)",,,,,,,,,,,,,,,,,,,,,,,,,,,,,907.9,,,,,,,,,,,,,,,,,,,,,,"6-175; Reg. 803 CMR 6.07(3)",,,,,,,,,,,"152.18; 364.04",,,"45-27-9(10), 11",,,,,,"44-5-202(8), 212",,,,,"179A.160",,,"Reg. 3.D",,,,,,,,,,,"CPL 160.55; Family Court Act § 354.1",,,,,,,,,,"15A-145; 90-96; Reg. NCAC 4F.0501, .0502",,,,,,,,,,,,,,,,"22-991C; 63-2-410",,,,,137.225,,,,,,,"18-9122",,"Act 8",,,,,"22-5-910; 56-5-750(G); Reg. 73-27",,,"23-6-8.1; Reg. 2:02:03:02, 05",,,,,,,,,,,,,,,,,,,,,,,,,,"77-18-9",,,,,,"Reg. 10.10",,,,,,,,,,,,"9.94A.230; 10.97.060",,,,,,,,,,,,,,"7-13-301; 35-7-1037"
9,"Sealing Nonconviction Information",,,,,,,,,,"12.62.180(b)",,,"13-4051",,,,,,"16-90-904, 905",,,"Pen. Code 851.8, .85",,,,,,,,,,"24-72-308",,,"29-16; 54-142a",,"""11-4372""",,,,,"SCR-Crim. 118",,,"943.059; Reg. 11C-7",,,,"42-8-62",,,,"831-3.2",,,,,"20-2630/5",,,,,,,,,,,,,,,,"35-38-5-1",,,,,,,,,,17.142,,,,"""44:9""",,,,,,,,,,,,"276-100A, B, C; Reg. 803 CMR 7.02",,,,,,,"333.7411; 750.350a(4); 762.14; 769.4a",,,,"152.18; 299C.11",,,,,"610.100, 105, 120",,,,"44-5-202(8)",,,,,"179.255, .275",,,,,,"2C:36A-1, :52-6",,,"30-31-28; 32A-2-26",,,,,"CPL 160.50(1)(c), 170.56, 720.15",,,,,,,,,,,,,,,,,,,,,,,,,,"22-18, 19, 991C; 63-2-410",,,,,"137.225(1)(b)",,,,,,,,,,,,"12-1-12.1",,,,,,,,,,,,,,,,,,,,,,,,,,,,,,,"77-18-9",,,,,,"Reg. 10.10",,,,,,,,,"9-190; 19.2-392.2; Reg. 2.6",,,"13.50.050",,,,,,,,,,,,,,
10,"Sealing Conviction Information",,,,,,,,,,"12.62.180(b)",,,"13-907",,,,,,"16-90-904, 905",,,"Pen. Code 1203.45",,,,,,,,,,"24-72-308",,,"54-142a, 142b",,,,,,,"33-541(e); SCR-Crim.118, Crim. 32(g)",,,"943.059; Reg. 11C-7",,,,,,,,"712-1256; 831-3.1",,,,,,,,,,,,,,,,,,,,,"35-38-5-5",,,,907.9,,,"12-4516; 21-4619",,,,,,,"""44:9""",,,,,,,,,,,,"94C-34; 127-152; 276-100A, B, C; Reg. 803 CMR 7.02",,,,,,,"712A.18e; 780.623",,,,"242.31; 364.04; 609.166 through 168; 638.02, Subd. 3-5",,,,,"610.106, 120",,,,"46-18-204",,,,,"179.245, .275; 453.336",,,"318-B:28-a; 651:5",,,"2C:52-2, 3, 4, 5",,,,,,,,"CPL 160.55(1)(c), 720.15",,,,,,,,,,,,,,,,,,,,,,2953.32,,,,"22-18, 19, 991C; 63-2-410",,,,,"137.225(1)(a)",,,,,,,,,,,,"12-1.3-2",,,,,"23A-27-14, 17",,,,,,,,,,,,,,,,,,,,,,,,,,"77-18-9",,,,,,"Reg. 10.10",,,,,,,,,,,,"13.50.050",,,,,,,,,,,,,,
11,"Removal of Disqualifications",,,,,,,,,,,,,"13-905 through 912",,,,,,,,,"Pen. Code 851.8, 1203.4, .4a, .45",,,,,,,,,,"24-72-308",,,,,,,,,,,,,943.0585,,,,"42-9-1 et seq.",,,,"712-1255; 853-1",,"18-3316",,,,,,,,,,,,,,,,,,,,,,,,,,"12-4516(e); 21-4619; 22-3722;",,,,,,,"""44:9""",,,,,,"27-641; 27-735 through 741",,,,,,"276-100A, C",,,,,,,,,,,"152.18; 242.31; 364.03",,,,,,,,,,,,,,,,,27.1284722222222,,,"2C:52-27",,,"30-31-28; 32A-2-26; 32A-3B-21",,,,,"CPL 720.35(1)",,,,,,,,,,,,,,,,,,,,,,"2951.04.1; 2953.33(A)",,,,"22-18, 19; 63-2-410",,,,,137.225,,,,,,,,,,,,"12-1.3-4",,,,,"23A-27-14, 17",,,,,"40-35-313(b)",,,,,,,,,,,,,,,,,,,,,,,,,,,,,,,,,,,,,,,,,,,,,,,,,,,,,
12,"Right to State Nonexistence of Record",,,,,,,,,,"12.62.180(d)",,,,,,,,,"16-90-902",,,"Pen. Code 851.8, 1203.45; Lab. Code 432.7",,,,,,,,,,"24-72-308",,,"54-142a",,,,,,,"33.541(e)",,,943.0585,,,,,,,,"712-1256; 831-3.2(b)(e)",,,,,"20-2630/7",,,,,,,,,,,,,,,,,,,,,,,"12-4516(e)",,,,,,,,,,,"16-618",,"27-641, 739, 740",,,,,,"94C-34; 127-152; 151B-4(a); 276-100A, C",,,,,,,"37.2205a",,,,"152.18, Subd. 2",,,,,610.11,,,,,,,,,179.285,,,27.1284722222222,,,"2C:52-27",,,"30-31-28; 32A-2-26; 32A-3B-21",,,,,"CPL 160.30, .60, 170.56(4)",,,,,,,,,,"15A-145, 146; 90-96",,,,,,,,,,,,"2953.33(B)",,,,"22-18, 19; 63-2-410",,,,,"137.225(3)",,,,,,,,,,,,"12-1.3-4",,,,,"23A-27-14, 17 (Exceptions: 23A-27-14.1, 23-3-42)",,,,,"40-35-313(b)",,,,,,,,,,,,,"Code of Crim. Proc. Art. 55.03",,,,,,,,"77-18-9",,,,,,"Reg. 6.20",,,,,,,,,"19.2-392.4",,,"10.97.030(8)",,,,,,,,,,,,,,
13,"Research Access",,,,,,"Reg. 003",,,,"12.62.160(b)(7)",,,,,,,,,"12-12-1010",,,"Pen. Code 13202",,,,,,,,,,,,,"54-142m",,"11-8513, 8514, 8516, 8521",,,,,,,,"943.057; Reg. 11C-6",,,,"33-3-38(8); Reg. 140-2-.04(1)(f)",,,,"846-9(4)",,,,,,,,,,,,,,,,,,,,,,,,,"692.4, .7(1)",,,,,,17.15,,,,,,,,"16-613(4)",,"27-749; Reg. 12.15.01.12",,,,,,"6-173; Reg. 803 CMR 8.00 - 8.03, 703(1)(b)",,,,,,,,,,,13.03,,,,,,,,,"44-5-304",,,,,"179A.075.2a, .6; 179A.100.5a, .175",,,"Reg. 3.B.7",,,"NJAC 13:59-1.6(e)",,,"29-10-6(B)",,,,,"Exec. Law § 837(4)",,,,,,,,,,"Reg. NCAC 4F.0407, .0408",,,,,,,,,"12-60-16.3 and Administrative Rules",,,,,,,,,,,,"Reg. 257-10-030",,,,,,,,,"Reg. 8(c)(3)",,,,,"Reg. 73-24D.",,,"23A-27-13.1, 16",,,,,,,,,,,,,,,,,,,,,,,,,,"53-5-214(2)",,,,,,"Reg. 8.90",,,,,,,,,"19.2-389",,,"10.97.050(6); Reg. WAC 446-20, 190, 420",,,,,,,,,,,,"19.35(1)",,"7-19-106(a)(r)"
14,"Accuracy and Completeness",,,,,,,,,,,,,,,,,,,"12-12-210, 1004, 1013",,,,,,,,,,,,,,,,"54-142h(b)",,,,,,,,,,,,,,"Reg. 140-2-.03; 1975 Atty. Gen. Op. No. 75-110",,,,,,,,,,,,,,,,,,,,,,,,,"5-2-5-10",,,,,,,,,,"17.150(6)",,,,"15:579; Reg. LAC 1-18:5",,,,,,"Reg. 12.15.01.09; Court Rule 1218",,,,,,,,,,,,,,,,,,,,,,,,,,,,,,,,,,,,,,,,,,,,,,,,,,,,,,,"Reg. NCAC 4F.0201, .0202",,,,,,,,,,,,,,,,,,,,,"181.511(1)(b), (c), .521",,,,,,,,,,,,,,,,,"Reg. 2:02:02:01, 2:02:04:01",,,,,,,,,,,,,,,,,,,,,,,,,,,,,,,,"Reg. 6.30(1)",,,,,,,,,"9-191; Reg. 2.2",,,,,,,,,,,,,,,,,
,"14.1 Disposition Reporting Requirements",,,,,,"41-9-622, 648",,,,"12.62.120",,,"41-1751; 41-2205.B",,,,,,"12-12-209, 1007",,,"Pen. Code 11107, 11115, 13150, 13151, 13152",,,,,,,,,,"24-32-412(3)",,,"29-11, 13",,"11-8506, 8507, 8508, 8509, 8510, 8511",,,,,"4-132, 134",,,"943.052; Reg. 11C-4",,,,"17-4-27; 35-3-36; 42-8-62; Reg. 140-2-.03",,,,"846-3, 5",,"67-2912",,,"20-2630/2.1",,,,,,,,,,,,,,,,"5-2-5-3; 10-1-1-15, 18; 10-1-2.5-4",,,,"692.15, .21; Regs. 661-11.9, .10",,,"21-2501; 22-4705(a); Reg. 10-10-2, 3, 4",,,"17.110, .150(1), .152, .1521",,,,"15:580, 591; Reg. LAC 1-18:5",,,,"25-1542-A, 1544, 1547",,"12.15.01.09; 27-747, 748; Court Rule 1218",,,,,,"127-23, 27; 263-1A",,,,,,,"28.243; 712A.11, .18; 769.1, .16a",,,,"299C.06, .10 through .14, .17",,,"45-27-9",,"43.503; Reg. CSR 30-4.040, .050",,,,"44-2-206; 44-5-202, 213",,,"29-209, 3516",,"179A.075.3",,,"106-B:14, 14-a",,,"53:1-13, 14, 15, 18, 20.1, 20.2",,,"29-3-1, 3, 8",,,,,"CPL 160.20; Exec. Law § 837(4), 837-b, c; Family Court Act §§ 306.1(4), 354.1",,,,,,,,,,"15A-502, 1382; Reg. NCAC 4F.0302",,,,,,,,,"12-60-16.2",,,"109.57(A), .61",,,,"74-150.10, .12",,,,,"181.511, .521, .530",,,,,,,"18-9112, 9113; 61-2173, 2174",,"Act 1; Reg. 6",,,"12-1-9, 10, 11",,"14-17-325; 23-1-90; 23-3-40, 120, 130; Reg. 73-21",,,"23-5-4, 8; 23-6-16",,,,,"38-6-103; 38-10-101 through 105",,,,,,,,,,,,,"Code of Crim. Proc., Ch. 60",,,,,,,,"53-5-208, 209",,,,,,"20-2053(b), 2054; Reg. 4.10, 11.10-11.30",,,,,,,,,"16.1-299; 19.2-390; Reg. 2.2(3)",,,"10.97.045; 10.98.050, .090",,,,,,,,,,"15-2-24(f), (g)",,"165.83, .84",,"7-19-105, 107; 9-1-625"
,"14.2 Auditing Requirements",,,,,,,,,,"12.62.150(a)(7), (c)",,,"41-2205.A; Reg. 13-1-08E.-G",,,,,,"12-12-210, 1015",,,"Pen. Code 11079; Reg. 702(c), 707(c)",,,,,,,,,,,,,"54-142h(b), (c)",,"11-8506(f), 8607",,,,,,,,943.055,,,,"35-3-33(4), 36(K); Reg. 140-2-.07",,,,"846-6, 13",,,,,"20-2635/21; 20-3930/7(i)",,,,,,,,,,,,,,,,,,,,"692.13, .19(6)",,,"22-4706(f)",,,"17.150(1)(c)",,,,"15:581, 594; Reg. LAC 1-18:7",,,,,,"27-746(5), 748(6); Reg. 12.15.01.16",,,,,,"6-171; Reg. 803 CMR 6.10",,,,,,,"28.245a",,,,"299C.06",,,,,"Reg. CSR 30-4.090",,,,,,,"29-3517",,"179A.080.3",,,"Reg. 5",,,,,,,,,,,,,,,,,,,,,"Reg. NCAC 4F.0800",,,,,,,,,"12-60-16.3 and Administrative Rules",,,,,,,,,,,,,,,,,,,"18-9141, 9161",,"Reg. 10",,,,,"Reg. 73-22E., 28",,,"Reg. 2:02:02:04, 05",,,,,,,,,,,,,,,,,,"Code of Crim. Proc., Ch. 60",,,,,,,,,,,,,,"Reg. 6.30(b)(5)",,,,,,,,,"9-186; Reg. 2.7",,,"10.97.090(3); 10.98.100; Reg. WAC 446-20-260, 310",,,,,,,,,,,,,,"7-19-107(h), 108"
,"14.3 Other Accuracy/Completeness Requirements",,,,,,"41-9-622",,,,"12.62.150(a)(1), (a)(12), .170(a)",,,"Reg. 13-1-02, 04",,,,,,,,,"Pen. Code 13100, 13125, 13127; Reg. 707(c)",,,,,,,,,,"24-72-307",,,"29-12; 54-142h(a); 54-142j",,"11-8512, 8525",,,,,"4-131",,,"943.056; Reg. 11C-4",,,,"35-3-37(c)",,,,"846-4",,"67-2911",,,,,,,,,,,,,,,,,,,"4-1-6-2, 5; 5-2-5-10(a)(1)",,,,"690.4; 692.5, .21",,,"Reg. 10-10-1",,,17.1522,,,,"Reg. LAC 1-18:2",,,,"16-612(3)(B), 616",,"Reg. 12.15.01.08",,,,,,"6-171, 175; 66A-2; Reg. 803 CMR 6.07, 6.08",,,,,,,"764.29; Regs. § 28.5401",,,,"299C.09, .10, .10(2), .10(3); Reg. 6 S.R. 273-276",,,"45-27-7(2)(c)",,,,,,"44-5-213(5), (6); 44-5-215",,,"29-3515, 3517, 3526",,"179A.090, .150",,,"Reg. 4",,,"53:1-13",,,"29-3-1",,,,,"Exec. Law 837-a; CPL 160.30",,,,,,,,,,,,,,,,,,,,,,"109.57(A), .62; 1347.05",,,,,,,,,"181.555(3)",,,,,,,"18-9111, 9114, 9142; Reg. 195.2",,"Act 8, 12(d); Reg. 6, 7",,,"12-1-7, 8",,"20-7-780; Reg. 73-21, 73-22",,,"Reg. 2:02:02:01, 03",,,,,,,,,,,,,,,,,,"Code of Crim. Proc., Ch. 60",,,,,,,,,,,,,,"Reg. 3.20, 4.10, 11.40",,,,,,,,,"9-191; 16.1-299, 299.1, 301; 19.2-389D; Reg. 2.2",,,"10.97.040",,,,,,,,,,,,,,"7-19-104"
15,"Dedication",,,,,,,,,,,,,,,,,,,,,,,,,,,,,,,,,,,,,,,,,,,,,,,,,"35-3-33(13)",,,,,,,,,,,,,,,,,,,,,,,,,,,,,,,,,,,,,,,,,,,,,,,,,,,,,,,,,,,,,,,,,,,,,,,,,,,,,,,,,,,,,,,,,,,,,,,,,,,,,,,,,,,,,,,,,,,,,,,,,,,,,,,,,,,,,,,,,,,,,,,,,,,,,,,,,,,,,,,,,,,,,,,,,,,,,,,,,,,,,,,,,,,,,,,,,,,,
16,"Civil Remedies",,,,,,,,,,"12.62.200",,,"39-121.02; Reg. 13-1-05C",,,,,,,,,"Civ. Code 1798.53; Lab. Code 432.7",,,,,,,,,,"24-72-305; 30-10-101",,,"4-197",,"11-1448A, 8514, 8523; 29-10005",,,,,"1-1527",,,119.02,,,,"35-3-39",,,,,,,,,"20-2635/1 et seq.",,,,,,,,,,,,,,,,,,,,"692.2(3), .6",,,"22-4707",,,"17.157; 61.882",,,,"""15:596""",,,,"25-1550",,"27-753; Reg. 12.15.01.10",,,,,,"6-168, 177; Reg. 803 CMR 5.06, 6.08(4)",,,,,,,,,,,"13.08; 299C.21",,,,,,,,,"44-2-205; 44-5-112",,,"29-3528; 84-712.03, .07",,"179A.230",,,,,,"47:1A-4; 53:1-20",,,"14-2-12",,,,,"Exec. Law 837-b(3).; Corr. Law 755",,,,,,,,,,"Reg. NCAC 4G.0201",,,,,,,,,,,,"149.99; 1347.10",,,,,,,,,192.49,,,,,,,"18-9181, 9183",,,,,"12-1-12; 12-1.3-4",,"23-1-90; 30-4-100",,,"Reg. 2:02:04:03",,,,,,,,,,,,,,,,,,,,,,,,,,"63-2-88",,,,,,"1-319, 320; Reg. 7.50, 13.10-13.22",,,,,,,,,"2.1-346.1; 9-194",,,"10.97.050(8), .110; 42.17.390; 43.43.834(7); Reg. WAC 446-20-300",,,,,,,,,,,,19.37,,
17,"Criminal Penalties",,,,,,"32-2-63; 36-12-42; 41-9-600",,,,,,,"41-1750Y",,,,,,"12-12-212, 1002",,,"Pen. Code 502, 11125, 11141, 11142, 11143, 13302, 13303, 13304; Lab. Code 432.7; Gov. Code 6200, 6201",,,,,,,,,,"24-72-309",,,"29-17; 54-142k(e)",,"11-1448A, 8514, 8523, 8562",,,,,,,,"119.02, .10",,,,"35-3-38",,,,"846-16",,,,,"20-2630/7; 20-2635/1 et seq.",,,,,,,,,,,,,,,,"5-2-4-7; 5-2-5-5(b)",,,,"692.5, .7",,,"22-4707, 4710",,,17.157,,,,"15:596; 44:9D; Reg. LAC 1-18:1",,,,"16-619",,"27-739; State Gov^t Code § 10-627",,,,,,"6-178",,,,,,,"28.243a, .246",,,,"13.09; 364.10",,,"25-53-59; 45-27-13",,"109.180; 610.115",,,,,,,"29-3527",,"179A.240, .300; 239.010",,,"106-B:14; 651:5.X",,,"2C:52-30; 53:1-20",,,"32A-2-32; 32A-3B-22",,,,,,,,,,,,,,,"14-454",,,,,,,,,"12-60-16.10",,,"1347.99; 2953.35",,,,"21-461; 841.4",,,,,,,,,,,,"61-2176",,"Act 20",,,,,"23-1-90; 30-4-100",,,"23-5-4; 23-6-4, 5, 6, 7, 9, 10, 11, 12, 16",,,,,"10-7-505; 37-1-409(b), (c); 40-15-106(c); 40-32-101(c); 62-26-230",,,,,,,,,,,,,"Gov't Code 411.085",,,,,,,,"53-5-214(9); 77-18-9",,,,,,"20-2054(b)",,,,,,,,,"9-195; 19.2-392.4.C; 52-8.3",,,"10.97.120; 43.43.810, .856",,,,,,,,,,"15-2-24(j); 29B-1-5",,"946.72(1)",,
18,"Public Records",,,,,,"36-12-40",,,,"09.25.110, .120",,,"39-121.01",,,,,,"25-19-103, 1005",,,"Gov. Code 6251 et seq.",,,,,,,,,,"24-72-301, 303; 30-10-101",,,"1-15, 19",,"29-6412",,,,,"1-1521 et seq.",,,119.01,,,,"50-18-70 et seq.",,,,"92-50",,"9-335 et seq.",,,"5-160/1 et seq.; 20-2635/1 et seq.",,,,,,,,,,,,,,,,"4-1-6-1; 5-14-3-1",,,,"22.7(a); 692.2; Regs. 661-11.12",,,"45-215 et seq.",,,"61.870 et seq.",,,,"44:1 et seq.",,,,"1-401-410",,"State Gov't Code §§ 10-611 et seq.",,,,,,"4-7, cl. 26; 6-172; 66-10; 66A-1 et seq.",,,,,,,750.492,,,,"13.01 et seq.; 13.87",,,"25-53-53; 25-59-19",,"109.180, .190",,,,"2-6-101",,,"29-3520; 84-712 et seq.",,"179A.100; 239.010 et seq.",,,"7-A:1; 91-A:4",,,"47:1A-1",,,"14-3-1 et seq.",,,,,"Pub. Off. Law 87 et seq.",,,,,,,,,,"132-1 et seq.",,,,,,,,,"44-04-18",,,"149.43 et seq.",,,,"51-24A",,,,,181.54,,,,,,,"65-66.1 et seq.",,"32-1781",,,"38-2-1 et seq.",,"30-4-10 et seq.",,,"1-27-1 et seq.",,,,,"10-7-504 et seq.",,,,,,,,,,,,,"TRCS Art. 6252-17a, et seq.",,,,,,,,"63-2-59 et seq.; 78-26-1 et seq.",,,,,,"1-315 et seq.",,,,,"T.3-881",,,,"42.1-76 et seq.",,,"10.97.030; 42.17.250",,,,,,,,,,"29B-1-1",,"19.35(1)",,"16-4-201 through 205"
19,"Separation of Files",,,,,,,,,,,,,,,,,,,"16-90-904",,,,,,,,,,,,,,,,,,,,,,,,,,,,,,"35-3-32; Reg. 140-2-.02",,,,,,,,,,,,,,,,,,,,,,,,,"5-2-4-2",,,,,,,,,,,,,,"Reg. LAC 1-18:9(3)",,,,,,,,,,,,,,,,,,,"15.232; 28.272",,,,"260.161(3)(a)",,,,,610.12,,,,,,,,,"62.350.3",,,,,,,,,"32A-20-1",,,,,"Family Court Act § 306.1(4); Exec. Law § 837(8)",,,,,,,,,,,,,,,,,,,,,,,,,,,,,,,,,,,,,,"18-9106",,,,,,,,,,,,,,,"37-10-207; Regs. 1395-1-1-.09(4)",,,,,,,,,,,,,,,,,,,,,,,,,,,,,,,,,,,,,,,,,,,,,,,,,,,48.396,,
20,"Regulation of Intelligence Collection",,,,,,"41-9-639",,,,,,,,,,,,,,,,"Civ. Code 1798.14, .15",,,,,,,,,,,,,,,,,,,,,,,943.08,,,,"35-3-32 (2); Reg. 140-2-.02",,,,,,,,,,,,,,,,,,,,,,,,,"5-2-4-3, 4",,,,"692.8, .9",,,,,,"17.150(2)",,,,,,,,,,,,,,,,,,,,,,,,,,,"13.05, Subd. 4; Reg. 6 S.R. 274",,,"25-53-53, 55",,,,,,"44-5-501 through 515",,,,,"179A.070. 2",,,,,,"53:6-4, 5",,,"29-3-1 et seq.; 32A-20-1",,,,,,,,,,,,,,,,,,,,,,,,,,,,,,,,,,,,181.575,,,,,,,"18-9106",,,,,,,,,,"23-5-10, 11",,,,,,,,,,,,,,,,,,,,,,,,,,"53-5-203",,,,,,"20-1954",,,,,,,,,,,,"43.43.854",,,,,,,,,,,,,,"9-1-627"
21,"Regulation of Intelligence Dissemination",,,,,,"41-9-641",,,,,,,,,,,,,,,,"Civ. Code 1798.18, .24",,,,,,,,,,"24-72-305(5)",,,,,,,,,,,,,"119.07, .072; 943.08",,,,"35-3-32 (4); Reg. 140-2-.02",,,,"92E-3(1)(B)",,,,,,,,,,,,,,,,,,,,,"5-2-4-6",,,,"692.8, .9",,,,,,,,,,"Reg. LAC 1-18:9(4)",,,,"16-611(8), 614",,,,,,,,,,,,,,,"15.243; Regs. § 28.5201",,,,"13.05, Subd. 4; Reg. 6 S.R. 271",,,"25-53-53, 55",,610.1,,,,"44-5-103(3)(b), 303, 404(2), 501 through 515",,,,,"179A.120.2, .150.1",,,,,,"53:6-5",,,"29-3-1 et seq.; 32A-15-4",,,,,"Pub. Off. Law 87(2)(e)",,,,,,,,,,,,,,,,,,,,,,,,,,,,,,,,,,,,,,"18-9106, 9121(d)",,,,,,,,,,"23-5-11",,,,,"10-7-504; 40-15-106(b), (c)(1); 40-32-101(b), (c)(1)",,,,,,,,,,,,,,,,,,,,,"53-5-203, 211, 214",,,,,,"20-1955",,,,,,,,,,,,"42.17.310; 43.43.854, .856",,,,,,,,,,,,,,"9-1-627"
22,"Security",,,,,,"41-9-594, 621(9)",,,,,,,,,,,,,"12-12-1014",,,"Pen. Code 11077(a); Reg. 707, 708",,,,,,,,,,,,,,,,,,,,,,,,,,,"35-3-33(13); Reg. 140-2-.02",,,,,,"Id. APA 11.10.01.024",,,,,,,,,,,,,,,,,,,"5-2-5-10(2); 5-14-3-7",,,,,,,"22-4704",,,,,,,"15:589; Reg. LAC 1-18:8",,,,,,,,,,,,,,,,,,,,,,,,,,,,,,,,,,,,,"179A.080.1",,,,,,,,,,,,,,"Exec. Law 837 (amended); Pub. Off. Law § 87",,,,,,,,,,"114-10(2)",,,,,,,,,,,,,,,,,,,,,,,,,,,,"Gen. Reg. 195.6",,"Act 8",,,,,,,,,,,,,,,,,,,,,,,,,,,,,,,,,,,,,,,,,,,,,,,,,,,,,,,,,,,,,,,,,,"7-19-105"
,"22.1 Physical (Building) Security",,,,,,"Reg. 005",,,,"12.62.150(a)(3)",,,,,,,,,,,,"Reg. 707(a)",,,,,,,,,,,,,"54-142i",,"11-8505, 8521",,,,,,,,"119.031; 943.08",,,,"Reg. 140-2-.08",,,,"846-7",,,,,"20-2635/21",,,,,,,,,,,,,,,,"4-1-6-2",,,,,,,"Reg. 10-11-1",,,,,,,"Reg. LAC 1-18:8",,,,"25-2904",,"Reg. 12.15.01.15",,,,,,"6-171",,,,,,,"Regs. § 28.5318",,,,"299C.48(a)",,,,,"Reg. CSR 30-4.090",,,,"44-5-401, 404",,,"29-3518",,"179A.080.1",,,"Reg. 1",,,"S.O.P. B-33, B-34, B-35",,,,,,,,,,,,,,,,,,,,,,,,,,,"12-60-16.3 and Administrative Rules",,,1347.05,,,,,,,,,"Reg. 257-10-025",,,,,,,"18-9131",,"Reg. 14, 16",,,,,"Reg. 73-26",,,,,,,,,,,,,,,,,,,,,,,,,,,,,,,,,,,"Reg. 7.30",,,,,,,,,"9-191; Reg. 3.1",,,"10.97.090; Reg. WAC 446-20-210, 220",,,,,,,,,,,,,,
,"22.2 Administrative Security",,,,,,"Reg. 004",,,,"12.62.150(a)(4), (5)",,,,,,,,,,,,,,,,,,,,,,,,,"54-142i",,"11-8505, 8605, 8608",,,,,,,,943.08,,,,"Reg. 140-2-.09",,,,"846-7",,,,,"20-2635/21",,,,,,,,,,,,,,,,,,,,,,,"Reg. 10-11-1",,,,,,,"Reg. LAC 1-18:8",,,,"16-614(1)(F); 25-1541(4)",,"Reg. 12.15.01.15",,,,,,"6-171; 66A-2; Reg. 803 CMR 7.06",,,,,,,"Regs. § 28.5318",,,,"13.05, Subd. 5",,,"45-27-7(1)(f)",,"Reg. CSR 30-4.090",,,,"44-5-403, 405",,,"29-3518",,"179A.080.2",,,"Reg. 2",,,"S.O.P. B-33, B-34, B-35",,,,,,,,,,,,,,,,,,"Reg. NCAC 4F.0101",,,,,,,,,"12-60-16.3 and Administrative Rules",,,1347.05,,,,,,,,,"Reg. 257-10-025",,,,,,,"18-9131",,"Reg. 14, 17",,,,,"Reg. 73-26",,,,,,,,,,,,,,,,,,,,,,,,,,,,,"53-5-214(3)(6)",,,,,,"Reg. 6.70, 7.20",,,,,,,,,,,,"10.97.090; Reg. WAC 446-20 through 230, 270, 300",,,,,,,,,,,,,,"9-1-627"
,"22.3 Computer Security",,,,,,"Reg. 005",,,,"12.62.150(a)(6)",,,"13-2316",,,,,,,,,"Reg. 707(a)",,,,,,,,,,,,,"54-142i",,"11-8505, 8605",,,,,,,,943.08,,,,"16-9-90 et seq.; Reg. 140-2-.11",,,,"846-7",,,,,"20-2635/21",,,,,,,,,,,,,,,,,,,,"692.12, .14, .19(8)",,,"Reg. 10-11-1",,,,,,,"15:589; Reg. LAC 1-18:8",,,,,,"Reg. 12.15.01.15",,,,,,"6-174; 66A-2",,,,,,,"Regs. § 28.5318",,,,"299C.48(a)",,,,,,,,,"44-5-402, 403",,,"29-3519",,"179A.080.1",,,,,,"NJAC 13:59-1.8(E)",,,,,,,,"Pub. Off. Law § 87(2)(i)",,,,,,,,,,"Reg. NCAC 4F.0101",,,,,,,,,"12-60-16.3 and Administrative Rules",,,1347.05,,,,"51-24A.1 et seq.",,,,,"Reg. 257-10-025",,,,,,,"18-9131",,"Reg. 14, 16",,,,,"Reg. 73-21A.(3), 73-26",,,,,,,,"39-14-601 et seq.",,,,,,,,,,,,,,,,,,,,,"53-5-214(6); 76-6-702, 703",,,,,,"Reg. 7.10, 7.40",,,,,,,,,"Reg. 3.5, 3.6",,,"10.97.090; Reg. WAC 446-20 through 210, 220",,,,,,,,,,,,,,
23,"Transaction Logs",,,,,,"41-9-640",,,,"12.62.150(a)(7)(B), .160(c)(4)",,,,,,,,,"12-12-1008",,,"Pen. Code 11078; Reg. 707(c)",,,,,,,,,,,,,"54-142h(c)",,"11-1448A, 8513(e); Reg. 1.5",,,,,,,,943.055,,,,"35-3-33(2); Reg. 140-2-.06",,,,"846-6",,"Id. APA 11.10.01.023",,,,,,,,,,,,,,,,,,,"4-1-6-2",,,,,,,"Reg. 10-14-1",,,,,,,"Reg. LAC 1-18:6(6), 9(2C)",,,,"16-620(5)",,"Reg. 12.15.01.10 through .12",,,,,,"6-172",,,,,,,"Regs. § 28.5105",,,,,,,"45-27-7(2)(b)",,,,,,"44-5-215, 305, 404(3)",,,"29-3517",,"179A.130",,,"Reg. 3.C.4",,,,,,,,,,,,,,,,,,,,,"Reg. NCAC 4F.0401, .0402",,,,,,,,,"12-60-16.3 and Administrative Rules",,,,,,,"51-24A.1 et seq.",,,,,"Reg. 257-10-035",,,,,,,"18-9121(f)",,"Reg. 9(e)(f), 10",,,,,"Reg. 73-23F.",,,"Reg. 2:02:02:05",,,,,,,,,,,,,,,,,,,,,,,,,,"53-5-203(3)",,,,,,"Reg. 6.50, 14.10-14.30",,,,,,,,,"9-192; Reg. 2.3(5), 3.6",,,"10.97.050(7)",,,,,,,,,,,,,,"7-19-106(h)"
24,"Training Employees",,,,,,,,,,"12.62.150(a)(5)",,,,,,,,,"12-12-210, 211",,,"Pen. Code 11077(d)",,,,,,,,,,,,,"54-142i(d)",,"11-1448A, 8505, 8561",,,,,,,,943.08,,,,"35-3-33(6); Reg. 140-2-.09(4)",,,,"846-7(5)",,"67-2911",,,,,,,,,,,,,,,,,,,"4-1-6-2; 10-1-1-13",,,,692.11,,,,,,"17.147(4)",,,,"Reg. LAC 1-18:10(1), (3)",,,,,,,,,,,,"6-171",,,,,,,,,,,"299C.10(2); Reg. 6 S.R. 274",,,"25-53-51(c); 45-27-7(1)(b)",,,,,,"44-2-202",,,"29-3518",,,,,,,,,,,"29-3-9",,,,,,,,,,,,,,,"Reg. NCAC 4E.0401 through .0403",,,,,,,,,,,,109.56,,,,,,,,,"Reg. 257-10",,,,,,,,,,,,,,"Reg. 73-26D.",,,,,,,,"62-26-226",,,,,,,,,,,,,,,,,,,,,"53-5-209(4)(b)",,,,,,,,,,,,,,,"Reg. 3.3, 3.4",,,"10.97.090; Reg. WAC 446-20-240",,,,,,,,,,,,,,
25,"Listing of Information Systems",,,,,,,,,,,,,,,,,,,,,,,,,,,,,,,,"24-30-607",,,,,,,,,,,,,,,,,,,,,,,,,,,,,,,,,,,,,,,,,,"4-1-6-7",,,,22.11,,,,,,,,,,,,,,,,,,,,,,"Reg. 803 CMR 3.08",,,,,,,,,,,"Reg. 6 S.R. 276",,,,,,,,,,,,,,,,,"7-A:2",,,,,,,,,,,,,,,,,,,,,,,,,,,,,,,,,1347.03,,,,,,,,,,,,,,,,"18-9171",,,,,,,,,,,,,,,,,,,,,,,,,,,,,,,,,,,,,,,,,,,,,,,,,,,,,,,,,,,,,,,,,,,,
26,"FOIA (Including CJI)",,,,,,,,,,,,,,,,,,,,,,,,,,,,,,,,"24-72-301, 303",,,,,,,,,,"1-1521 et seq.",,,"119.01, .07; 943.053",,,,"50-18-70",,,,,,,,,,,,,,,,,,,,,,,,,"4-1-6-1; 5-14-3-2(6)",,,,,,,"45-215 et seq.",,,61.878,,,,"44:3(4)",,,,"1-401-410",,,,,,,,"66A-1",,,,,,,"15.231 et seq.",,,,"13.03, .80 et seq.",,,"25-59-19",,,,,,,,,"29-3520",,,,,,,,,,,,,,,,"Pub. Off. Law 87(2)(e)",,,,,,,,,,,,,,,,,,,"44-04-18",,,,,,,"51-24A.8",,,,,181.54,,,,,,,,,,,,"38-2-1",,,,,"""1-27-1""",,,,,,,,,,,,,,,,,,"TRCS Art. 6252-17a(3)(a)(8)",,,,,,,,,,,,,,"1-317(b)(5)",,,,,"T.3-881(g)",,,,"2.1-342(b)(1)",,,,,,,,,,,,,,,,,
27,"FOIA (Excluding CJI)",,,,,,,,,,"12.62.160(a)",,,"39-121.01",,,,,,"12-12-909, 1003; 25-19-105",,,"Gov. Code 6254",,,,,,,,,,,,,"4-190(i)",,"29-10002(d)(4)",,,,,,,,119.07,,,,,,,,"92-50; 92E-3",,"9-340",,,"5-140/7(1)(d)",,,,,,,,,,,,,,,,,,,,,,,,,,"17-150(4); 61.878",,,,"44:3(4)",,,,"1-401; 16-614(4A)",,"State Gov't Code §§ 10-611 et seq.",,,,,,,,,,,,,,,,,,,,,,,,,,,,,,,,,,"91-A:5; 106-B:14",,,"Exec. Order 123",,,,,,,,"Pub. Off. Law 87(2)(e)",,,,,,,,,,,,,,,,,,,,,,"109.57(D); 1347.04",,,,"51-24A.8",,,,,192.5,,,,,,,,,,,,"38-2-1",,,,,,,,,,"10-7-504; 40-15-106(b), (c)(1); 40-32-101(b), (c)(1)",,,,,,,,,,,,,"TRCS Art. 6252-17a(3)(a)(8)",,,,,,,,"63-2-59 et. seq.; 63-2-89",,,,,,"1-317(b)(5); 20-2056",,,,,,,,,"2.1-342(b)(1); 2.1-384(3), (7)",,,"42.17.250; 43.43.710",,,,,,,,,,"29B-1-4",,,,"9-1-627; 16-4-201 "
28,"Central State Repository",,,,,,"41-9-591",,,,"12.62.110(1)",,,"41-1750.A; 41-2205",,,,,,"12-12-201, 207, 208, 1001",,,"Pen. Code 11105",,,,,,,,,,"24-33.5-401, 412",,,"29-11",,"11-8501(b)(1)",,,,,"4-132",,,943.051,,,,"35-3-31",,,,"846-2, 2.5",,"67-2910",,,"20-2605/55(a); 20-2630/8",,,,,,,,,,,,,,,,"5-2-5-2; 10-1-1-12; 10-1-2.5-1",,,,690.1,,,"22-4705",,,"17.140, .151",,,,"15:578(1)",,,,"25-1541",,"27-747(b); Reg. 12.15.01.04",,,,,,"6-168",,,,,,,"28.241 et seq.",,,,"299C.05, .06, .09",,,"45-27-7(1)(a)",,"43.500, .540",,,,"44-5-213",,,"29-209, 210",,"179A.075.1",,,"106-B:14",,,"53:1-13",,,"29-3-1",,,,,"Exec. Law 837(6)",,,,,,,,,,"114-10.1; 132-1.4",,,,,,,,,"12-60-07",,,"109.57(C)",,,,"74-150.9",,,,,181.066,,,,,,,"18-9101",,"Act 1, 13; Reg. 6",,,"""12-1-7""",,"23-3-110",,,"23-5-1, 2; 23-6-1",,,,,"38-6-101; 38-10-101 et seq.",,,,,,,,,,,,,"Code of Crim. Proc. Art. 60.02; Gov't Code 411.042",,,,,,,,"53-5-203, 214(5)",,,,,,"20-2051; Reg. 3.10",,,,,,,,,"19.2-388",,,"43.43.700",,,,,,,,,,"15-2-24",,"165.83, .84",,"7-19-107(a)"
