,,,,,,,,,,,
"LEMA9317.csv//Report: Law Enforcement Management and Administrative Statistics, 1993",,,,,,,,,,,
"Sources:  Law Enforcement Management and Administrative Statistics, 1993//BJS Contact: Brian Reaves, Ph.D., (202) 616-3287//reaves@justice. usdoj.gov",,,,,,,,,,,
"Table 17a.  Types of computers and Automated Fingerprint Identification System (AFIS) facilities",,,,,,,,,,,
"operated by local law enforcement agencies, 1993",,,,,,,,,,,
,,,"               Type of computer operated",,,,,,"     Type of AFIS facilities operated",,
,,,,,,"     Digital terminal",,,,,"    Remote"
,,,,,,"   Car-","Hand-",," Agency-owned system",,"    access"
"County","Name of agency","Mainframe","Mini-","Personal","Laptop","mounted","    held",,"Exclusive","  Shared","    terminal"
,,,,,,,,,,,
"ALABAMA",,,,,,,,,,,
,,,,,,,,,,,
"Etowah","Gadsden Police","X","-","-","-","-","-",,"-","-","-"
"Houston","Dothan Police","X","-","X","-","-","-",,"-","-","-"
"Jefferson","Jefferson County Sheriff","X","X","X","X","-","-",,"-","-","-"
"Jefferson","Birmingham Police","X","-","X","-","-","-",,"-","-","-"
"Madison","Huntsville Police","X","X","X","-","-","-",,"-","-","-"
"Mobile","Mobile County Sheriff","-","X","X","X","X","X",,"-","-","-"
"Mobile","Mobile Police","X","-","X","X","X","-",,"-","-","-"
"Montgomery","Montgomery County Sheriff","X","X","X","X","-","-",,"-","-","-"
"Montgomery","Montgomery Police","X","-","X","-","-","-",,"-","-","-"
"Tuscaloosa","Tuscaloosa Police","X","-","X","X","-","-",,"-","-","-"
,,,,,,,,,,,
"ALASKA",,,,,,,,,,,
,,,,,,,,,,,
"Anchorage","Anchorage Police","X","X","X","-","-","-",,"X","-","X"
,,,,,,,,,,,
"ARIZONA",,,,,,,,,,,
,,,,,,,,,,,
"Maricopa","Maricopa County Sheriff","X","X","X","X","-","-",,"-","-","X"
"Maricopa","Chandler Police","X","X","X","X","X","-",,"-","-","-"
"Maricopa","Glendale Police","-","X","X","-","-","-",,"-","-","-"
"Maricopa","Mesa Police","X","X","X","X","X","-",,"-","X","X"
"Maricopa","Phoenix Police","X","X","X","-","X","-",,"X","-","-"
"Maricopa","Scottsdale Police","X","X","X","X","X","-",,"-","X","X"
"Maricopa","Tempe Police","-","X","X","X","X","X",,"-","-","-"
"Pima","Pima County Sheriff","-","X","X","X","-","-",,"-","-","-"
"Pima","Tucson Police","X","X","X","X","X","-",,"-","-","-"
"Pinal","Pinal County Sheriff","X","-","X","-","-","-",,"-","-","-"
,,,,,,,,,,,
"ARKANSAS",,,,,,,,,,,
,,,,,,,,,,,
"Jefferson","Pine Bluff Police","X","-","X","X","-","-",,"-","-","-"
"Pulaski","Pulaski County Sheriff","X","-","-","-","-","-",,"-","-","-"
"Pulaski","Little Rock Police","X","-","X","X","-","-",,"-","X","-"
"Pulaski","North Little Rock Police","X","X","X","X","-","-",,"-","-","-"
"Sebastian","Fort Smith Police","X","X","X","-","-","-",,"-","-","-"
,,,,,,,,,,,
"CALIFORNIA",,,,,,,,,,,
,,,,,,,,,,,
"Alameda","Alameda County Sheriff","X","X","X","X","-","-",,"-","X","X"
"Alameda","Berkeley Police","X","X","X","-","-","-",,"-","X","X"
"Alameda","Fremont Police","X","-","X","X","X","-",,"-","X","X"
"Alameda","Hayward Police","X","-","X","X","X","-",,"-","-","-"
"Alameda","Oakland Police","-","X","X","X","X","-",,"-","X","X"
"Contra Costa","Contra Costa County Sheriff","X","-","X","-","X","-",,"-","X","X"
"Contra Costa","Concord Police","X","-","X","X","X","-",,"-","X","-"
"Contra Costa","Richmond Police","X","X","X","X","X","-",,"-","X","X"
"El Dorado","El Dorado County Sheriff","X","X","X","X","-","-",,"-","X","X"
"Fresno","Fresno County Sheriff","X","X","X","X","-","-",,"X","-","-"
"Fresno","Fresno Police","X","X","X","-","X","-",,"-","-","X"
"Kern ","Kern County Sheriff","X","X","X","-","-","-",,"-","X","X"
"Kern","Bakersfield Police","X","-","X","X","-","-",,"-","-","-"
"Los Angeles","Los Angeles County Sheriff","X","X","X","X","X","-",,"-","X","X"
"Los Angeles","Beverly Hills Police","X","-","X","X","-","-",,"-","-","X"
"Los Angeles","Burbank Police","-","X","X","-","-","-",,"-","X","-"
"Los Angeles","Compton Police","X","X","X","X","-","-",,"-","X","X"
"Los Angeles","Culver City Police","X","-","X","-","-","-",,"-","X","-"
"Los Angeles","Downey Police","-","X","X","-","-","-",,"-","X","-"
"Los Angeles","El Monte Police","-","X","X","-","-","-",,"-","X","-"
"Los Angeles","Glendale Police","X","-","X","-","X","-",,"-","-","-"
"Los Angeles","Inglewood Police","-","X","X","X","X","-",,"-","X","-"
"Los Angeles","Long Beach Police","X","X","X","X","X","X",,"-","X","X"
"Los Angeles","Los Angeles Police","X","X","X","X","X","-",,"X","-","X"
"Los Angeles","Los Angeles Airport Police","X","-","X","-","X","-",,"-","-","-"
"Los Angeles","Los Angeles School Police","X","-","X","-","-","-",,"-","-","-"
"Los Angeles","Pasadena Police","X","X","X","X","-","-",,"-","-","-"
"Los Angeles","Pomona Police","X","X","X","X","-","-",,"-","-","X"
"Los Angeles","Santa Monica Police","X","-","X","-","-","X",,"-","X","X"
"Los Angeles","Torrance Police","X","X","X","X","-","-",,"-","X","X"
"Los Angeles","West Covina Police","X","-","X","X","X","-",,"-","X","X"
"Marin","Marin County Sheriff","X","X","X","X","-","-",,"-","X","X"
"Monterey","Monterey County Sheriff","X","X","X","X","-","-",,"-","X","X"
"Monterey","Salinas Police","X","-","X","X","-","-",,"-","-","-"
,,,,,,,"       Computers and information systems   193",,,,
,,,,,,,,,,,
"Table 17a.  - continued",,,,,,,,,,,
,,,,,,,,,,,
,,,,,,,,,,,
,,,"               Type of computer operated",,,,,,"     Type of AFIS facilities operated",,
,,,,,,"     Digital terminal",,,,,"    Remote"
,,,,,,"   Car-","Hand-",," Agency-owned system",,"    access"
"County","Name of agency","Mainframe","Mini-","Personal","Laptop","mounted","    held",,"Exclusive","  Shared","    terminal"
,,,,,,,,,,,
"CALIFORNIA (cont.)",,,,,,,,,,,
,,,,,,,,,,,
"Orange","Orange County Sheriff-Coroner","X","X","X","X","-","-",,"X","-","X"
"Orange","Anaheim Police","X","-","X","X","X","X",,"-","X","X"
"Orange","Brea Police","X","X","X","X","X","-",,"-","-","-"
"Orange","Costa Mesa Police","-","X","X","-","X","-",,"-","X","-"
"Orange","Fullerton Police","-","X","X","X","-","-",,"-","X","-"
"Orange","Garden Grove Police","X","X","X","X","X","X",,"-","X","X"
"Orange","Huntington Beach Police","X","X","X","X","X","X",,"X","-","X"
"Orange","Irvine Police","X","X","X","X","X","X",,"-","X","X"
"Orange","Newport Beach Police","X","X","X","X","-","-",,"-","X","X"
"Orange","Orange Police","X","X","X","X","-","-",,"-","X","-"
"Orange","Santa Ana Police","-","X","X","X","X","-",,"-","X","X"
"Riverside","Riverside County Sheriff","X","X","X","X","-","-",,"-","X","X"
"Riverside","Corona Police","X","-","X","X","-","-",,"-","X","X"
"Riverside","Riverside Police","X","-","X","X","X","-",,"-","X","X"
"Sacramento","Sacramento County Sheriff","X","X","X","X","X","-",,"-","X","X"
"Sacramento","Sacramento Police","X","X","X","X","X","-",,"-","-","-"
"San Bernardino","San Bernardino County Sheriff","X","X","X","X","X","-",,"-","X","X"
"San Bernardino","Fontana Police","X","-","X","-","X","-",,"-","-","-"
"San Bernardino","Ontario Police","X","-","X","-","X","-",,"-","X","-"
"San Bernardino","Rialto Police","X","-","X","-","X","-",,"-","X","-"
"San Bernardino","San Bernardino Police","X","-","-","-","X","-",,"-","-","X"
"San Diego","San Diego County Sheriff","X","X","X","X","-","-",,"-","X","X"
"San Diego","Chula Vista Police","X","X","X","X","-","-",,"-","X","X"
"San Diego","El Cajon Police","-","X","X","X","-","-",,"-","X","X"
"San Diego","Escondido Police","X","-","X","X","X","-",,"-","X","X"
"San Diego","Oceanside Police","X","X","X","X","-","-",,"-","-","-"
"San Diego","San Diego Police","X","X","X","X","X","X",,"-","X","X"
"San Diego","San Diego Harbor Police","-","-","X","X","-","-",,"-","-","-"
"San Francisco","San Francisco Police","X","X","X","X","X","X",,"X","-","X"
"San Francisco","Bay Area Rapid Transit Police","X","-","X","-","-","-",,"-","-","-"
"San Francisco","San Francisco Airport Police","-","-","X","X","-","-",,"-","-","-"
"San Joaquin","San Joaquin County Sheriff","X","X","X","X","-","-",,"-","X","X"
"San Joaquin","Stockton Police","-","X","X","-","X","X",,"X","-","-"
"San Luis Obispo","San Luis Obispo County Sheriff","X","X","X","X","-","-",,"-","X","X"
"San Mateo","San Mateo County Sheriff","X","-","X","-","-","-",,"X","-","-"
"San Mateo","Daly City Police","X","-","X","X","X","-",,"-","X","-"
"Santa Barbara","Santa Barbara County Sheriff","X","-","X","X","-","-",,"-","X","X"
"Santa Barbara","Santa Barbara Police","X","X","X","-","-","X",,"-","X","-"
"Santa Clara","Santa Clara County Sheriff","X","X","X","X","-","-",,"-","-","-"
"Santa Clara","San Jose Police","X","X","X","X","X","-",,"X","-","X"
"Santa Clara","Santa Clara Police","X","-","X","X","-","-",,"-","-","-"
"Santa Clara ","Sunnyvale Police","X","X","X","X","X","-",,"X","-","X"
"Santa Cruz","Santa Cruz County Sheriff","X","-","X","X","-","-",,"-","X","X"
"Solano","Vallejo Police","X","X","X","X","-","-",,"-","X","-"
"Sonoma","Sonoma County Sheriff-Coroner","X","X","X","-","-","-",,"-","X","X"
"Sonoma","Santa Rosa Police","X","-","X","X","-","-",,"-","X","-"
"Stanislaus","Stanislaus County Sheriff","X","-","X","X","X","-",,"-","X","X"
"Stanislaus","Modesto Police","X","-","X","-","X","-",,"-","X","-"
"Tulare","Tulare County Sheriff","X","X","X","X","-","-",,"-","-","X"
"Ventura","Ventura County Sheriff","X","-","X","X","-","-",,"-","-","-"
"Ventura","Oxnard Police","X","X","X","X","-","X",,"-","-","-"
"Ventura","Simi Valley Police","-","X","X","X","-","-",,"-","-","X"
"Ventura","Ventura Police","-","X","X","-","-","X",,"-","X","-"
,,,,,,,,,,,
"COLORADO",,,,,,,,,,,
,,,,,,,,,,,
"Adams","Adams County Sheriff","-","X","X","X","-","-",,"-","-","-"
"Adams","Westminster Police","X","X","X","X","-","-",,"-","X","-"
"Arapahoe","Arapahoe County Sheriff","X","-","X","X","-","-",,"X","-","X"
"Arapahoe","Aurora Police","X","X","X","X","X","-",,"-","-","-"
"Boulder","Boulder Police","X","X","X","X","-","-",,"-","-","-"
"Denver","Denver Police","-","X","X","X","-","-",,"-","-","-"
"El Paso","El Paso County Sheriff","X","-","X","X","-","-",,"-","-","X"
"El Paso","Colorado Springs Police","X","-","X","X","-","-",,"X","-","-"
"Jefferson","Jefferson County Sheriff","X","-","X","X","-","-",,"-","-","-"
"Jefferson","Arvada Police","X","-","X","-","-","-",,"-","-","-"
"Jefferson","Lakewood Police","X","-","X","X","-","-",,"-","-","-"
"Larimer","Larimer County Sheriff","X","-","X","X","-","-",,"-","-","-"
"Larimer","Fort Collins Police","X","-","X","X","X","-",,"-","-","-"
"Pueblo","Pueblo Police","X","X","X","-","-","-",,"-","-","-"
,,,,,,,,,,,
,,,,,,,,,,,
,,,,,,,,,,,
"194   Law Enforcement Management and Administrative Statistics, 1993  ",,,,,,,,,,,
,,,,,,,,,,,
"Table 17a.  - continued",,,,,,,,,,,
,,,,,,,,,,,
,,,,,,,,,,,
,,,"               Type of computer operated",,,,,,"     Type of AFIS facilities operated",,
,,,,,,"     Digital terminal",,,,,"    Remote"
,,,,,,"   Car-","Hand-",," Agency-owned system",,"    access"
"County","Name of agency","Mainframe","Mini-","Personal","Laptop","mounted","    held",,"Exclusive","  Shared","    terminal"
,,,,,,,,,,,
"CONNECTICUT",,,,,,,,,,,
,,,,,,,,,,,
"Fairfield","Bridgeport Police","X","-","X","-","-","-",,"-","-","-"
"Fairfield","Danbury Police","X","-","X","-","-","-",,"-","-","-"
"Fairfield","Greenwich Police","X","X","X","-","-","-",,"-","-","-"
"Fairfield","Norwalk Police","X","-","X","X","-","-",,"-","-","-"
"Fairfield","Stamford Police","-","X","X","-","X","-",,"-","-","-"
"Hartford","Bristol Police","X","-","X","-","-","-",,"-","-","-"
"Hartford","East Hartford Police","X","X","X","X","-","-",,"-","-","-"
"Hartford","Hartford Police","X","-","X","-","-","-",,"-","-","-"
"Hartford ","New Britain Police","X","-","X","-","-","-",,"-","-","-"
"Hartford","West Hartford Police","-","X","X","X","-","-",,"-","-","-"
"New Haven","Meriden Police","X","-","X","-","-","-",,"-","-","-"
"New Haven","Milford Police","X","X","X","-","-","-",,"-","-","-"
"New Haven","Waterbury Police","X","-","X","-","-","-",,"-","-","-"
"New Haven","West Haven Police","X","X","X","X","-","-",,"-","-","-"
,,,,,,,,,,,
"DELAWARE",,,,,,,,,,,
,,,,,,,,,,,
"New Castle","New Castle County Police","X","X","X","X","-","-",,"X","-","-"
"New Castle","Wilmington Police","X","X","X","X","-","-",,"-","X","X"
,,,,,,,,,,,
"DISTRICT OF COLUMBIA",,,,,,,,,,,
,,,,,,,,,,,
"Washington, D.C.","Washington Metropolitan Police","X","X","X","X","-","-",,"X","-","X"
"Washington, D.C.","Metro Transit Police","X","-","X","-","-","-",,"-","-","-"
"Washington, D.C.","Metropolitan Airports Authority","X","X","X","X","-","-",,"-","-","-"
,,,,,,,,,,,
"FLORIDA",,,,,,,,,,,
,,,,,,,,,,,
"Alachua","Alachua County Sheriff","X","-","X","X","-","-",,"-","-","-"
"Alachua","Gainesville Police","X","-","-","X","-","X",,"-","-","-"
"Bay","Bay County Sheriff","-","X","X","-","-","-",,"-","-","-"
"Brevard","Brevard County Sheriff","X","X","X","X","-","-",,"-","-","-"
"Brevard","Melbourne Police","X","-","X","-","-","-",,"-","-","-"
"Broward","Broward County Sheriff","X","X","X","X","-","-",,"-","X","X"
"Broward","Coral Springs Police","-","X","X","X","-","-",,"-","-","-"
"Broward","Davie Police","-","X","X","-","-","X",,"-","-","-"
"Broward","Fort Lauderdale Police","-","X","X","X","X","-",,"-","-","-"
"Broward","Hollywood Police","X","X","X","-","-","-",,"-","-","-"
"Broward","Pembroke Pines Police","X","-","X","-","-","-",,"-","-","-"
"Broward","Plantation Police","X","-","X","-","-","-",,"-","-","-"
"Broward","Pompano Beach Police","-","X","X","X","-","-",,"-","-","-"
"Broward","Sunrise Police","X","X","X","X","-","-",,"-","-","-"
"Charlotte","Charlotte County Sheriff","-","X","X","X","-","X",,"-","-","-"
"Citrus","Citrus County Sheriff","-","X","X","X","-","-",,"-","-","-"
"Clay","Clay County Sheriff","-","X","X","X","-","-",,"-","-","-"
"Collier","Collier County Sheriff","X","-","X","X","-","-",,"X","-","-"
"Dade","Metro-Dade Police","X","X","X","X","X","-",,"X","-","X"
"Dade","Coral Gables Police","-","-","X","-","-","-",,"-","-","-"
"Dade","Hialeah Police","X","X","X","X","-","-",,"-","X","X"
"Dade","Miami Police","X","X","X","X","X","-",,"-","X","-"
"Dade","Miami Beach Police","X","X","X","X","X","X",,"-","X","X"
"Duval ","Jacksonville Sheriff","X","X","X","X","X","-",,"X","-","-"
"Escambia","Escambia County Sheriff","-","X","X","X","-","-",,"-","-","-"
"Escambia","Pensacola Police","-","-","X","-","-","-",,"-","-","-"
"Hernando","Hernando County Sheriff","X","X","X","X","-","-",,"-","-","-"
"Hillsborough","Hillsborough County Sheriff","X","-","X","X","X","-",,"-","-","-"
"Hillsborough","Tampa Police","X","-","X","-","X","-",,"-","-","-"
"Indian River","Indian River County Sheriff","X","-","X","-","-","-",,"-","-","-"
"Lake","Lake County Sheriff","X","X","X","X","-","-",,"-","-","-"
"Lee","Lee County Sheriff","-","X","X","X","X","-",,"-","-","-"
"Lee","Cape Coral Police","X","X","X","X","X","X",,"-","-","-"
"Lee","Fort Myers Police","X","X","X","X","X","-",,"-","-","-"
"Leon","Leon County Sheriff","X","X","X","-","-","-",,"X","-","X"
"Leon","Tallahassee Police","X","X","X","X","-","-",,"-","-","-"
"Manatee","Manatee County Sheriff","X","-","X","X","-","X",,"-","-","-"
"Marion","Marion County Sheriff","X","X","X","X","-","-",,"-","-","-"
"Marion","Ocala Police","X","X","X","X","-","X",,"-","-","-"
"Martin","Martin County Sheriff","X","X","X","X","X","-",,"-","-","-"
"Monroe","Monroe County Sheriff","X","X","X","X","-","-",,"-","X","X"
,,,,,,,,,,,
,,,,,,,,,,,
,,,,,,,,,,,
,,,,,,,,,,,
,,,,,,,"       Computers and information systems   195",,,,
,,,,,,,,,,,
"Table 17a.  - continued",,,,,,,,,,,
,,,,,,,,,,,
,,,,,,,,,,,
,,,"               Type of computer operated",,,,,,"     Type of AFIS facilities operated",,
,,,,,,"     Digital terminal",,,,,"    Remote"
,,,,,,"   Car-","Hand-",," Agency-owned system",,"    access"
"County","Name of agency","Mainframe","Mini-","Personal","Laptop","mounted","    held",,"Exclusive","  Shared","    terminal"
,,,,,,,,,,,
"FLORIDA (cont.)",,,,,,,,,,,
,,,,,,,,,,,
"Okaloosa","Okaloosa County Sheriff","X","-","X","-","-","-",,"-","-","-"
"Orange","Orange County Sheriff","X","X","X","X","-","-",,"-","-","-"
"Orange","Orlando Police","X","-","X","X","-","-",,"-","-","-"
"Osceola","Osceola County Sheriff","X","-","X","X","-","-",,"-","-","-"
"Palm Beach","Palm Beach County Sheriff","X","-","X","-","X","-",,"X","-","X"
"Palm Beach","Boca Raton Police","X","-","X","X","-","-",,"-","X","X"
"Palm Beach","Boynton Beach Police","X","-","X","X","-","-",,"-","-","-"
"Palm Beach","Delray Beach Police","X","-","X","X","-","-",,"-","-","-"
"Palm Beach","West Palm Beach Police","X","X","X","X","X","X",,"-","X","X"
"Pasco","Pasco County Sheriff","X","X","X","X","-","-",,"-","-","-"
"Pinellas","Pinellas County Sheriff","X","X","X","-","X","-",,"X","-","X"
"Pinellas","Clearwater Police","X","-","X","X","-","-",,"-","-","-"
"Pinellas","Largo Police","-","X","X","-","-","-",,"-","-","-"
"Pinellas","St. Petersburg Police","X","-","X","X","-","-",,"-","X","X"
"Polk","Polk County Sheriff","X","X","X","X","-","-",,"-","-","-"
"Polk","Lakeland Police","X","X","X","X","-","-",,"-","-","-"
"St. John","St. John County Sheriff","X","-","X","X","-","-",,"-","-","-"
"St. Lucie","St. Lucie County Sheriff","X","-","X","X","-","-",,"-","-","-"
"St. Lucie","Fort Pierce Police","X","X","X","X","-","-",,"-","-","-"
"Sarasota","Sarasota County Sheriff","X","X","X","X","X","X",,"-","-","-"
"Sarasota","Sarasota Police","X","X","X","X","X","X",,"-","-","-"
"Seminole","Seminole County Sheriff","X","X","X","X","-","-",,"-","-","-"
"Volusia","Volusia County Sheriff","X","X","X","X","-","-",,"-","-","-"
"Volusia","Daytona Beach Police","X","-","X","-","-","-",,"-","-","-"
,,,,,,,,,,,
"GEORGIA",,,,,,,,,,,
,,,,,,,,,,,
"Bibb","Bibb County Sheriff","X","-","X","-","X","-",,"-","-","-"
"Bibb","Macon Police","X","X","X","-","X","X",,"-","-","-"
"Chatham","Chatham County Police","-","-","X","-","-","-",,"-","-","-"
"Chatham","Savannah Police","X","-","X","-","-","-",,"-","-","-"
"Clarke","Athens-Clarke County Police","-","X","X","-","-","-",,"-","-","-"
"Clayton","Clayton County Police","X","X","X","-","-","-",,"-","-","-"
"Cobb","Cobb County Police","X","X","X","X","-","-",,"-","-","-"
"Cobb","Cobb County Sheriff","X","X","X","X","-","-",,"-","-","-"
"Cobb","Marietta Police","X","-","X","-","-","-",,"-","-","-"
"De Kalb","De Kalb County Police","X","X","X","X","X","-",,"-","X","-"
"Dougherty","Albany Police","X","-","X","-","-","-",,"-","-","-"
"Fulton","Fulton County Police","X","X","X","-","X","X",,"-","X","-"
"Fulton","Atlanta Police","X","X","X","X","X","X",,"-","-","-"
"Gwinnett","Gwinnett County Police","X","X","X","X","X","X",,"-","-","-"
"Muscogee","Columbus Police","X","-","X","-","-","X",,"-","-","-"
"Richmond","Richmond County Sheriff","X","-","X","-","-","-",,"-","-","-"
"Richmond","Augusta Police","X","X","X","-","-","-",,"-","-","-"
,,,,,,,,,,,
"HAWAII",,,,,,,,,,,
,,,,,,,,,,,
"Hawaii","Hawaii County Police","-","X","X","X","-","-",,"-","X","X"
"Honolulu","Honolulu Police","X","X","X","X","-","-",,"-","X","X"
"Kauai","Kauai County Police","X","-","X","X","-","-",,"-","X","X"
"Maui","Maui County Police","-","X","X","X","-","-",,"X","-","-"
,,,,,,,,,,,
"IDAHO",,,,,,,,,,,
,,,,,,,,,,,
"Ada","Boise Police","X","X","X","X","-","-",,"-","-","-"
,,,,,,,,,,,
"ILLINOIS",,,,,,,,,,,
,,,,,,,,,,,
"Cook","Cook County Police","X","X","X","X","X","-",,"-","-","-"
"Cook ","Cook County Forest Preserve ","-","-","X","X","-","-",,"-","-","-"
"Cook","Arlington Heights Police","X","X","X","X","X","-",,"-","-","-"
"Cook","Chicago Police","X","X","X","X","X","X",,"X","-","X"
"Cook","Evanston Police","X","-","X","-","X","-",,"-","-","-"
"Cook","Oak Lawn Police","-","X","X","X","X","-",,"-","-","-"
"Cook","Oak Park Police","-","-","X","-","X","X",,"-","-","-"
"Cook","Schaumburg Police","X","-","X","-","X","-",,"-","-","-"
"Cook","Skokie Police","X","-","X","-","X","-",,"-","-","-"
"Du Page","Du Page County Sheriff","X","X","X","-","-","-",,"X","-","X"
"Du Page ","Naperville Police","X","X","X","X","X","X",,"-","-","-"
"Kane","Aurora Police","X","X","X","X","X","X",,"-","-","-"
"Kane","Elgin Police","X","X","X","-","-","-",,"-","-","-"
,,,,,,,,,,,
,,,,,,,,,,,
"196   Law Enforcement Management and Administrative Statistics, 1993  ",,,,,,,,,,,
,,,,,,,,,,,
"Table 17a.  - continued",,,,,,,,,,,
,,,,,,,,,,,
,,,,,,,,,,,
,,,"               Type of computer operated",,,,,,"     Type of AFIS facilities operated",,
,,,,,,"     Digital terminal",,,,,"    Remote"
,,,,,,"   Car-","Hand-",," Agency-owned system",,"    access"
"County","Name of agency","Mainframe","Mini-","Personal","Laptop","mounted","    held",,"Exclusive","  Shared","    terminal"
,,,,,,,,,,,
"ILLINOIS (cont.)",,,,,,,,,,,
,,,,,,,,,,,
"Lake ","Lake County Sheriff","X","-","X","-","X","-",,"-","X","-"
"Lake","Waukegan Police","X","-","X","-","-","-",,"-","-","X"
"McHenry","McHenry County Sheriff","X","-","X","-","-","-",,"-","-","-"
"Macon","Decatur Police","X","-","X","X","-","-",,"-","-","-"
"Peoria","Peoria Police","X","-","X","-","-","-",,"-","-","-"
"Sangamon","Springfield Police","X","X","X","-","X","-",,"-","-","-"
"Will","Will County Sheriff","X","-","X","-","-","-",,"-","-","-"
"Will","Joliet Police","X","-","X","-","X","-",,"-","X","-"
"Winnebago","Winnebago County Sheriff","X","-","-","X","X","-",,"-","-","-"
"Winnebago","Rockford Police","X","-","X","-","X","-",,"-","-","-"
,,,,,,,,,,,
"INDIANA",,,,,,,,,,,
,,,,,,,,,,,
"Allen","Fort Wayne Police","X","X","X","X","-","-",,"-","-","-"
"Delaware","Muncie Police","-","X","X","X","X","-",,"-","-","-"
"Lake","Lake County Sheriff","X","-","X","X","-","-",,"-","-","-"
"Lake","East Chicago Police","-","X","X","-","-","-",,"-","-","-"
"Lake","Gary Police","X","X","X","X","-","-",,"-","-","-"
"Lake","Hammond Police","X","-","X","X","-","-",,"-","-","-"
"Madison","Anderson Police","-","X","X","-","-","-",,"-","-","-"
"Marion","Marion County Sheriff","X","X","X","X","X","X",,"-","X","X"
"Marion","Indianapolis Police","X","X","X","X","X","-",,"X","-","X"
"St. Joseph","South Bend Police","X","X","X","-","-","-",,"-","-","-"
"Vanderburgh","Evansville Police","-","X","X","X","-","-",,"-","-","-"
"Vigo","Terre Haute Police","X","-","X","-","-","-",,"-","-","-"
,,,,,,,,,,,
"IOWA",,,,,,,,,,,
,,,,,,,,,,,
"Black Hawk","Waterloo Police","X","-","X","X","-","-",,"-","X","X"
"Linn","Cedar Rapids Police","X","X","X","X","-","-",,"-","X","X"
"Polk","Des Moines Police","X","-","X","X","-","-",,"-","-","-"
"Scott","Davenport Police","X","-","X","X","X","-",,"-","X","X"
"Woodbury","Sioux City Police","X","-","X","-","-","-",,"-","X","X"
,,,,,,,,,,,
"KANSAS",,,,,,,,,,,
,,,,,,,,,,,
"Douglas","Lawrence Police","X","-","X","X","-","X",,"-","-","-"
"Johnson","Overland Park Police","X","X","X","X","-","-",,"-","-","-"
"Sedgwick","Wichita Police","X","-","X","-","-","-",,"-","X","-"
"Shawnee","Topeka Police","X","-","X","-","-","-",,"-","-","X"
"Wyandotte","Kansas City Police","-","X","X","X","X","-",,"-","X","X"
,,,,,,,,,,,
"KENTUCKY",,,,,,,,,,,
,,,,,,,,,,,
"Fayette","Lexington-Fayette County Police","X","X","X","-","-","-",,"X","-","X"
"Jefferson","Jefferson County Police","X","-","X","X","-","-",,"-","X","-"
"Jefferson","Louisville Police","X","-","X","-","-","-",,"-","-","-"
,,,,,,,,,,,
"LOUISIANA",,,,,,,,,,,
,,,,,,,,,,,
"Bossier","Bossier Police","X","-","X","-","-","-",,"-","-","-"
"Caddo","Caddo Parish Sheriff","X","-","X","X","-","-",,"-","-","-"
"Caddo","Shreveport Police","X","-","X","X","-","-",,"-","-","-"
"Calcasieu","Calcasieu Parish Sheriff","-","X","X","-","-","-",,"-","-","-"
"Calcasieu","Lake Charles Police","X","-","X","-","-","-",,"-","-","-"
"E. Baton Rouge","E. Baton Rouge Parish Sheriff","X","X","X","X","-","-",,"-","-","-"
"E. Baton Rouge","Baton Rouge Police","X","-","X","X","-","-",,"-","-","-"
"Jefferson","Jefferson Parish Sheriff","X","-","X","-","-","-",,"-","-","-"
"Jefferson","Kenner Police","-","-","X","-","-","-",,"-","-","-"
"Lafayette","Lafayette Parish Sheriff","X","-","X","-","-","-",,"-","-","-"
"Lafayette","Lafayette Police","X","X","X","X","-","-",,"-","X","-"
"Lafourche","Lafourche Parish Sheriff","X","-","X","X","-","-",,"-","-","-"
"Livingston","Livingston Parish Sheriff","X","X","X","X","-","-",,"-","-","-"
"Orleans","New Orleans Police","X","-","X","X","-","-",,"X","-","X"
"Ouachita","Ouachita Parish Sheriff","X","-","X","-","-","-",,"-","X","-"
"Ouachita","Monroe Police","X","-","X","-","-","-",,"-","-","-"
"Rapides","Rapides Parish Sheriff","X","-","X","-","-","-",,"-","-","-"
"Rapides","Alexandria Police","X","X","X","-","-","-",,"-","-","-"
"St. Charles","St. Charles Parish Sheriff","X","-","X","-","-","-",,"-","-","-"
"St. John the Baptist","St. John the Baptist Sheriff","X","-","-","-","-","-",,"-","-","-"
"St. Tammany","St. Tammany Parish Sheriff","X","X","X","X","-","-",,"-","-","-"
"Tangipahoa","Tangipahoa Parish Sheriff","X","X","X","-","-","-",,"-","-","-"
,,,,,,,,,,,
,,,,,,,"       Computers and information systems   197",,,,
,,,,,,,,,,,
"Table 17a.  - continued",,,,,,,,,,,
,,,,,,,,,,,
,,,,,,,,,,,
,,,"               Type of computer operated",,,,,,"     Type of AFIS facilities operated",,
,,,,,,"     Digital terminal",,,,,"    Remote"
,,,,,,"   Car-","Hand-",," Agency-owned system",,"    access"
"County","Name of agency","Mainframe","Mini-","Personal","Laptop","mounted","    held",,"Exclusive","  Shared","    terminal"
,,,,,,,,,,,
"MAINE",,,,,,,,,,,
,,,,,,,,,,,
"Cumberland","Portland Police","X","X","X","-","-","-",,"-","-","-"
,,,,,,,,,,,
"MARYLAND",,,,,,,,,,,
,,,,,,,,,,,
"Anne Arundel","Anne Arundel County Police","X","X","X","X","X","-",,"-","X","-"
"Anne Arundel","Annapolis Police","-","X","X","-","-","X",,"-","-","-"
"Baltimore(city)","Baltimore Police","X","-","X","X","-","-",,"-","X","X"
"Baltimore(city)","Baltimore School Police","X","X","X","-","-","-",,"-","-","-"
"Baltimore","Baltimore County Police","X","X","X","X","X","X",,"-","X","X"
"Charles","Charles County Sheriff","-","X","X","-","-","-",,"-","-","-"
"Harford","Harford County Sheriff","X","X","X","-","-","-",,"X","-","-"
"Howard","Howard County Police","X","X","X","X","-","-",,"-","X","X"
"Montgomery","Montgomery County Police","X","-","X","X","X","-",,"-","X","-"
"Prince George's ","Prince George's County Police","X","-","X","-","-","-",,"-","X","-"
"Prince George's ","Prince George's County Sheriff","X","X","X","-","-","-",,"-","-","-"
,,,,,,,,,,,
"MASSACHUSETTS",,,,,,,,,,,
,,,,,,,,,,,
"Bristol","New Bedford Police","X","-","X","-","X","-",,"-","-","-"
"Essex","Lawrence Police","-","X","X","-","X","X",,"X","-","-"
"Essex","Lynn Police","X","X","X","X","X","X",,"-","-","-"
"Hampden","Chicopee Police","X","X","X","X","-","-",,"-","-","-"
"Hampden","Holyoke Police","X","X","X","-","-","-",,"-","-","-"
"Hampden","Springfield Police","X","X","X","-","-","-",,"-","-","-"
"Middlesex","Cambridge Police","-","X","X","-","-","X",,"-","-","-"
"Middlesex","Lowell Police","X","-","X","X","X","-",,"-","-","-"
"Middlesex","Newton Police","X","X","X","-","X","X",,"-","-","-"
"Middlesex","Somerville Police","X","X","X","-","X","-",,"-","-","-"
"Middlesex","Waltham Police","X","X","X","-","X","-",,"-","-","-"
"Norfolk","Brookline Police","X","X","X","X","X","X",,"-","X","-"
"Norfolk","Quincy Police","X","X","X","-","X","X",,"-","-","-"
"Plymouth","Brockton Police","-","X","X","-","X","-",,"-","-","-"
"Suffolk","Boston Police","X","X","X","X","X","-",,"-","-","-"
"Suffolk","Mass. Bay Transit Authority","X","-","X","X","X","-",,"-","-","-"
"Worcester ","Worcester Police","-","-","X","-","-","-",,"-","-","-"
,,,,,,,,,,,
"MICHIGAN",,,,,,,,,,,
,,,,,,,,,,,
"Calhoun","Battle Creek Police","X","-","X","-","-","-",,"-","-","-"
"Genesee","Flint Police","-","X","X","X","-","-",,"-","X","X"
"Ingham","Lansing Police","-","X","X","-","-","-",,"-","-","-"
"Kalamazoo","Kalamazoo Police","X","X","X","X","X","X",,"-","-","-"
"Kent","Kent County Sheriff","X","-","X","X","-","-",,"-","-","-"
"Kent","Grand Rapids Police","X","X","X","-","X","-",,"X","-","-"
"Macomb","Macomb County Sheriff","X","-","X","X","-","-",,"-","-","-"
"Macomb","Sterling Heights Police","X","-","X","-","X","-",,"-","-","-"
"Macomb","Warren Police","-","X","X","X","X","X",,"-","-","-"
"Oakland ","Oakland County Sheriff","X","-","X","-","X","-",,"X","-","X"
"Oakland","Pontiac Police","X","-","X","X","-","-",,"-","-","-"
"Oakland","Southfield Police","X","-","X","-","X","-",,"-","X","X"
"Oakland","Troy Police","X","X","X","-","X","-",,"-","X","-"
"Saginaw","Saginaw Police","X","X","X","-","-","-",,"-","X","-"
"Washtenaw","Washtenaw County Sheriff","X","X","X","X","-","-",,"-","X","-"
"Washtenaw","Ann Arbor Police","-","X","X","-","-","-",,"-","-","-"
"Wayne","Dearborn Police","-","X","X","-","X","X",,"-","X","-"
"Wayne","Detroit Police","X","X","X","-","X","-",,"X","-","X"
"Wayne","Livonia Police","-","X","X","-","X","-",,"X","-","X"
"Wayne","Taylor Police","X","X","X","-","X","X",,"-","X","X"
"Wayne","Westland Police","X","-","X","-","X","-",,"-","X","-"
,,,,,,,,,,,
"MINNESOTA",,,,,,,,,,,
,,,,,,,,,,,
"Hennepin","Minneapolis Police","X","X","X","X","X","-",,"-","X","-"
"Ramsey","Ramsey County Sheriff","X","-","X","X","-","-",,"-","-","-"
"Ramsey","St. Paul Police","X","-","X","X","X","-",,"-","X","X"
"St. Louis ","Duluth Police","X","-","X","-","X","-",,"-","-","-"
,,,,,,,,,,,
"MISSISSIPPI",,,,,,,,,,,
,,,,,,,,,,,
"Hinds","Jackson Police","X","-","X","-","-","-",,"-","-","-"
,,,,,,,,,,,
,,,,,,,,,,,
,,,,,,,,,,,
"198   Law Enforcement Management and Administrative Statistics, 1993  ",,,,,,,,,,,
,,,,,,,,,,,
"Table 17a.  - continued",,,,,,,,,,,
,,,,,,,,,,,
,,,,,,,,,,,
,,,"               Type of computer operated",,,,,,"     Type of AFIS facilities operated",,
,,,,,,"     Digital terminal",,,,,"    Remote"
,,,,,,"   Car-","Hand-",," Agency-owned system",,"    access"
"County","Name of agency","Mainframe","Mini-","Personal","Laptop","mounted","    held",,"Exclusive","  Shared","    terminal"
,,,,,,,,,,,
"MISSOURI",,,,,,,,,,,
,,,,,,,,,,,
"Boone","Columbia Police","-","-","X","-","-","-",,"-","-","-"
"Greene","Springfield Police","X","X","X","X","-","-",,"-","-","-"
"Jackson","Independence Police","X","X","X","-","-","-",,"-","-","-"
"Jackson","Kansas City Police","X","X","X","X","-","-",,"X","-","X"
"Jefferson","Jefferson County Sheriff","X","-","X","-","-","-",,"-","-","-"
"St. Louis(city)","St. Louis Police","X","X","X","X","X","-",,"X","-","-"
"St. Louis","St. Louis County Police","X","X","X","X","-","-",,"-","X","X"
,,,,,,,,,,,
"MONTANA",,,,,,,,,,,
,,,,,,,,,,,
"Yellowstone","Billings Police","X","-","X","-","-","-",,"-","-","-"
,,,,,,,,,,,
"NEBRASKA",,,,,,,,,,,
,,,,,,,,,,,
"Douglas","Omaha Police","X","X","-","-","-","-",,"-","-","-"
"Lancaster","Lincoln Police","X","-","X","-","-","-",,"-","-","-"
,,,,,,,,,,,
"NEVADA",,,,,,,,,,,
,,,,,,,,,,,
"Clark","Las Vegas Metropolitan Police","X","X","X","-","X","-",,"X","-","-"
"Clark","North Las Vegas Police","X","-","X","X","-","-",,"-","X","X"
"Washoe ","Washoe County Sheriff","X","-","X","-","-","-",,"-","X","X"
"Washoe","Reno Police","X","-","X","X","-","-",,"-","-","-"
,,,,,,,,,,,
"NEW HAMPSHIRE",,,,,,,,,,,
,,,,,,,,,,,
"Hillsborough","Manchester Police","X","-","X","-","-","-",,"-","-","-"
"Hillsborough","Nashua Police","X","X","X","-","-","X",,"-","-","-"
,,,,,,,,,,,
"NEW JERSEY",,,,,,,,,,,
,,,,,,,,,,,
"Atlantic","Atlantic City Police","X","X","X","X","-","-",,"-","X","-"
"Bergen","Hackensack Police","X","-","X","-","X","-",,"-","-","-"
"Camden","Camden County Sheriff","X","-","X","X","-","-",,"-","-","-"
"Camden","Camden Police","X","X","X","-","-","-",,"-","-","-"
"Camden","Cherry Hill Police","X","X","X","X","-","-",,"-","-","-"
"Camden","Delaware River Port Authority","-","-","X","-","-","-",,"-","-","-"
"Cumberland","Vineland Police","-","X","X","-","-","-",,"-","X","-"
"Essex","Bloomfield Police","X","-","X","-","-","-",,"-","X","-"
"Essex","East Orange Police","X","-","X","X","-","-",,"-","-","-"
"Essex","Irvington Police","X","-","X","-","-","-",,"-","-","-"
"Essex","Newark Police","-","X","X","-","X","X",,"-","-","-"
"Hudson","Hudson County Sheriff","X","-","X","-","-","-",,"X","-","-"
"Hudson","Bayonne Police","X","-","X","-","X","-",,"-","-","-"
"Hudson","Hoboken Police","-","X","X","-","X","-",,"-","-","-"
"Hudson","Jersey City Police","-","X","X","-","X","-",,"-","-","-"
"Hudson","Kearny Police","X","-","X","-","-","-",,"-","-","-"
"Hudson","North Bergen Police","X","X","X","-","-","-",,"-","-","-"
"Hudson","Union City Police","-","-","X","-","-","-",,"-","-","-"
"Hudson","West New York Police","X","X","X","-","-","-",,"-","-","-"
"Mercer","Hamilton Township Police","-","X","X","-","-","-",,"-","-","-"
"Mercer","Trenton Police","-","X","X","X","-","-",,"-","-","-"
"Middlesex","Edison Police","-","X","X","-","-","-",,"-","-","-"
"Middlesex","New Brunswick Police","-","X","X","X","-","-",,"-","-","-"
"Middlesex","Perth Amboy Police","X","-","-","-","-","-",,"-","-","-"
"Middlesex","Woodbridge Police","-","X","X","X","X","-",,"-","-","-"
"Morris","Parsippany-Troy Hills Police","-","X","X","-","X","-",,"-","-","-"
"Ocean","Dover Township Police","X","X","X","-","X","-",,"-","-","-"
"Passaic","Clifton Police","-","X","X","X","-","-",,"-","-","-"
"Passaic","Passaic Police","X","X","X","-","-","-",,"-","-","-"
"Passaic","Paterson Police","X","-","X","X","-","-",,"-","-","-"
"Union","Elizabeth Police","X","-","X","-","X","-",,"-","-","-"
"Union","Linden Police","X","-","X","-","X","-",,"-","-","-"
"Union","Plainfield Police","-","X","X","-","X","-",,"-","-","-"
"Union","Union Township Police","-","X","X","X","X","-",,"-","-","-"
,,,,,,,,,,,
"NEW MEXICO",,,,,,,,,,,
,,,,,,,,,,,
"Bernalillo","Bernalillo County Sheriff","X","X","X","X","-","-",,"-","-","-"
"Bernalillo","Albuquerque Police","X","X","X","X","X","X",,"-","X","X"
"Dona Ana","Las Cruces Police","X","X","X","X","X","X",,"-","X","X"
"Santa Fe ","Santa Fe Police","X","X","X","-","-","-",,"-","-","-"
,,,,,,,,,,,
,,,,,,,"       Computers and information systems   199",,,,
,,,,,,,,,,,
"Table 17a. - continued",,,,,,,,,,,
,,,,,,,,,,,
,,,,,,,,,,,
,,,"               Type of computer operated",,,,,,"     Type of AFIS facilities operated",,
,,,,,,"     Digital terminal",,,,,"    Remote"
,,,,,,"   Car-","Hand-",," Agency-owned system",,"    access"
"County","Name of agency","Mainframe","Mini-","Personal","Laptop","mounted","    held",,"Exclusive","  Shared","    terminal"
,,,,,,,,,,,
"NEW YORK",,,,,,,,,,,
,,,,,,,,,,,
"Albany","Albany Police","-","X","X","-","-","-",,"-","-","-"
"Albany","Colonie Police","X","X","X","X","-","-",,"-","-","-"
"Broome","Binghamton Police","X","-","-","-","-","-",,"-","-","-"
"Erie","Erie County Sheriff","X","-","X","X","X","-",,"-","X","-"
"Erie","Amherst Police","X","-","X","X","X","-",,"-","X","X"
"Erie","Buffalo Police","X","X","X","X","-","-",,"-","X","-"
"Erie","Cheektowaga Police","X","X","X","X","-","-",,"-","X","-"
"Erie","Tonawanda Police","X","-","X","X","-","-",,"-","-","X"
"Monroe","Monroe County Sheriff","X","X","X","X","-","-",,"-","X","X"
"Monroe","Rochester Police","X","X","X","-","-","-",,"-","-","-"
"Nassau","Nassau County Police","X","X","X","X","X","-",,"X","-","X"
"New York City","New York City Police","X","X","X","X","X","-",,"-","X","X"
"New York City","New York City Sheriff","-","X","X","X","-","X",,"-","-","-"
"New York City","New York City Fire Department","X","-","X","X","-","-",,"-","-","-"
"New York City","New York City Housing Police","X","-","X","-","-","-",,"-","-","-"
"New York City","New York City School Police","-","-","X","-","-","-",,"-","-","-"
"New York City","New York City Social Services","X","-","-","-","-","-",,"-","-","-"
"New York City","New York City Transit Police","X","X","X","X","-","-",,"-","-","-"
"New York City","Long Island Railroad Police","-","X","X","X","-","-",,"-","-","-"
"New York City","Metro-North Railroad Police","-","-","X","-","-","-",,"-","-","-"
"New York City","Port Authority of NY-NJ","X","-","X","-","-","-",,"-","-","-"
"Niagara","Niagara Falls Police","X","X","X","-","-","-",,"-","-","-"
"Onondaga","Onondaga County Sheriff","X","-","X","-","-","-",,"-","X","X"
"Onondaga","Syracuse Police","X","X","X","-","-","-",,"-","X","X"
"Rensselaer","Troy Police","X","-","X","-","-","-",,"-","-","-"
"Rockland","Clarkstown Police","-","X","X","X","X","-",,"-","-","-"
"Rockland","Ramapo Police","-","X","X","-","-","-",,"-","-","-"
"Schenectady ","Schenectady Police","X","-","X","-","X","-",,"-","-","-"
"Suffolk","Suffolk County Police","X","-","X","-","-","-",,"X","-","-"
"Suffolk","Suffolk County Sheriff","X","X","X","-","-","-",,"-","-","-"
"Westchester","Westchester County Police","X","X","X","-","X","-",,"-","X","X"
"Westchester","Mt. Vernon Police","X","-","X","X","X","-",,"-","X","-"
"Westchester","New Rochelle Police","-","X","X","X","X","-",,"-","-","-"
"Westchester","White Plains Police","X","-","X","-","-","-",,"-","X","-"
"Westchester","Yonkers Police","-","X","X","-","-","-",,"-","-","-"
,,,,,,,,,,,
"NORTH CAROLINA",,,,,,,,,,,
,,,,,,,,,,,
"Buncombe","Buncombe County Sheriff","X","-","X","-","-","-",,"-","-","-"
"Buncombe","Asheville Police","X","X","X","-","-","-",,"-","-","-"
"Cumberland","Cumberland County Sheriff","X","-","X","-","-","-",,"-","X","-"
"Cumberland","Fayetteville Police","-","X","X","X","-","-",,"-","X","X"
"Durham","Durham County Sheriff","X","-","X","-","-","-",,"-","-","-"
"Durham","Durham Police","X","X","X","X","-","-",,"X","-","X"
"Forsyth","Winston-Salem Police","X","-","X","X","-","-",,"-","-","-"
"Gaston","Gastonia Police","-","X","X","X","X","-",,"-","-","X"
"Guilford","Greensboro Police","X","-","X","X","X","-",,"-","-","-"
"Guilford","High Point Police","X","-","X","-","-","-",,"-","-","-"
"Mecklenburg","Charlotte Police","X","-","X","-","X","-",,"X","-","-"
"Nash","Rocky Mount Police","X","-","X","-","-","-",,"-","-","-"
"New Hanover","Wilmington Police","X","-","X","-","-","-",,"-","-","-"
"Pitt","Greenville Police","X","-","X","-","-","-",,"-","X","X"
"Wake","Raleigh Police","X","-","X","X","-","-",,"-","-","-"
,,,,,,,,,,,
"OHIO",,,,,,,,,,,
,,,,,,,,,,,
"Butler","Hamilton Police","X","X","X","-","-","-",,"-","-","-"
"Clark","Springfield Police","X","-","X","-","-","-",,"-","-","-"
"Cuyahoga","Cleveland Police","X","-","X","-","-","-",,"-","-","-"
"Franklin","Franklin County Sheriff","X","X","X","X","-","-",,"-","-","-"
"Franklin","Columbus Police","X","X","X","X","-","-",,"X","-","-"
"Hamilton","Hamilton County Sheriff","X","X","X","-","X","-",,"-","X","X"
"Hamilton","Cincinnati Police","X","-","X","-","X","-",,"-","X","X"
"Lucas","Toledo Police","X","-","X","X","-","-",,"-","-","-"
"Mahoning","Youngstown Police","X","-","X","-","-","-",,"-","-","-"
"Montgomery","Montgomery County Sheriff","X","X","X","X","X","-",,"-","X","X"
"Montgomery","Dayton Police","X","-","X","-","X","X",,"-","X","X"
"Stark","Canton Police","X","-","X","-","-","-",,"-","-","-"
"Summit","Summit County Sheriff","X","X","X","X","-","-",,"-","-","-"
"Summit","Akron Police","X","-","-","-","X","-",,"-","-","-"
,,,,,,,,,,,
,,,,,,,,,,,
,,,,,,,,,,,
"200   Law Enforcement Management and Administrative Statistics, 1993",,,,,,,,,,,
,,,,,,,,,,,
"Table 17a. - continued",,,,,,,,,,,
,,,,,,,,,,,
,,,,,,,,,,,
,,,"               Type of computer operated",,,,,,"     Type of AFIS facilities operated",,
,,,,,,"     Digital terminal",,,,,"    Remote"
,,,,,,"   Car-","Hand-",," Agency-owned system",,"    access"
"County","Name of agency","Mainframe","Mini-","Personal","Laptop","mounted","    held",,"Exclusive","  Shared","    terminal"
,,,,,,,,,,,
"OKLAHOMA",,,,,,,,,,,
,,,,,,,,,,,
"Cleveland","Norman Police","X","X","X","X","-","-",,"-","-","-"
"Comanche","Lawton Police","X","-","X","X","-","-",,"-","-","-"
"Oklahoma","Oklahoma City Police","X","X","X","X","X","X",,"X","-","-"
"Tulsa ","Tulsa County Sheriff","X","-","X","X","-","-",,"-","-","-"
"Tulsa","Tulsa Police","X","X","X","X","-","-",,"-","-","-"
,,,,,,,,,,,
"OREGON",,,,,,,,,,,
,,,,,,,,,,,
"Clackamas","Clackamas County Sheriff","X","-","X","X","-","-",,"-","X","X"
"Lane ","Lane County Sheriff","X","-","X","X","X","-",,"-","-","X"
"Lane ","Eugene Police","X","X","X","X","X","-",,"-","X","-"
"Marion","Salem Police","X","-","X","X","X","-",,"-","-","-"
"Multnomah","Portland Police","X","-","X","X","X","-",,"-","X","X"
"Washington","Washington County Sheriff","X","X","X","-","-","-",,"-","X","-"
,,,,,,,,,,,
"PENNSYLVANIA",,,,,,,,,,,
,,,,,,,,,,,
"Allegheny","Allegheny County Police","X","-","X","-","-","-",,"-","-","-"
"Allegheny","Pittsburgh Police","X","X","X","X","-","-",,"-","-","-"
"Berks","Reading Police","X","-","X","-","-","-",,"-","-","-"
"Dauphin","Harrisburg Police","X","-","X","X","-","-",,"-","-","-"
"Erie","Erie Police","X","-","X","-","-","-",,"-","-","-"
"Lackawanna","Scranton Police","-","-","-","-","-","-",,"-","-","-"
"Lancaster","Lancaster Police","X","-","X","-","-","-",,"-","-","-"
"Lehigh","Allentown Police","X","-","X","-","-","-",,"-","-","-"
"Montgomery","Lower Merion Township Police","-","X","X","-","-","-",,"-","-","-"
"Philadelphia","Philadelphia Police","X","X","X","X","-","-",,"X","-","X"
"Philadelphia","Philadelphia Housing Police","X","-","X","-","-","-",,"-","-","-"
"Philadelphia","S.E. Penn. Transit Authority","X","-","X","-","-","-",,"-","-","-"
,,,,,,,,,,,
"RHODE ISLAND",,,,,,,,,,,
,,,,,,,,,,,
"Kent ","Warwick Police","-","X","X","-","-","-",,"-","-","-"
"Providence","Cranston Police","X","-","X","X","-","-",,"-","-","-"
"Providence","Pawtucket Police","X","X","X","-","-","-",,"-","-","-"
"Providence","Providence Police","X","-","X","-","-","-",,"-","-","X"
,,,,,,,,,,,
"SOUTH CAROLINA",,,,,,,,,,,
,,,,,,,,,,,
"Beaufort","Beaufort County Sheriff","X","X","X","-","X","-",,"-","-","-"
"Charleston","Charleston County Sheriff","-","X","X","-","X","-",,"-","-","-"
"Charleston","Charleston Police","X","-","X","-","-","-",,"X","-","X"
"Charleston","North Charleston Police","-","X","X","-","-","-",,"-","-","-"
"Greenville","Greenville County Sheriff","X","-","X","X","X","-",,"-","X","X"
"Greenville","Greenville Police","X","X","X","X","-","-",,"-","X","X"
"Horry","Horry County Police","X","-","-","-","-","-",,"-","-","-"
"Lexington","Lexington County Sheriff","X","-","X","X","X","-",,"-","-","-"
"Richland","Richland County Sheriff","X","-","X","-","-","-",,"-","X","X"
"Richland","Columbia Police","X","-","X","-","-","-",,"-","X","-"
"Spartanburg","Spartanburg County Sheriff","-","X","X","-","-","-",,"-","-","-"
"Spartanburg","Spartanburg Police","X","-","X","-","-","-",,"-","-","-"
,,,,,,,,,,,
"SOUTH DAKOTA",,,,,,,,,,,
,,,,,,,,,,,
"Minnehaha","Sioux Falls Police","X","-","X","-","X","-",,"-","-","-"
,,,,,,,,,,,
"TENNESSEE",,,,,,,,,,,
,,,,,,,,,,,
"Davidson","Nashville Metropolitan Police","X","X","X","X","-","-",,"-","X","-"
"Hamilton","Hamilton County Sheriff","-","-","X","X","-","-",,"-","-","-"
"Hamilton","Chattanooga Police","X","X","X","X","-","-",,"-","-","-"
"Knox","Knox County Sheriff","X","X","X","X","-","-",,"X","-","X"
"Knox","Knoxville Police","X","X","X","-","-","-",,"-","-","-"
"Madison","Jackson Police","X","X","X","X","-","-",,"-","-","-"
"Montgomery","Clarksville Police","X","-","X","-","-","-",,"-","-","-"
"Shelby","Shelby County Sheriff","X","X","X","X","-","-",,"-","X","X"
"Shelby","Memphis Police","-","-","X","X","X","-",,"-","-","-"
"Washington","Johnson City Police","X","-","X","-","-","-",,"-","-","-"
,,,,,,,,,,,
,,,,,,,,,,,
,,,,,,,,,,,
,,,,,,,,,,,
,,,,,,,,,,,
,,,,,,,"       Computers and information systems   201",,,,
,,,,,,,,,,,
"Table 17a. - continued",,,,,,,,,,,
,,,,,,,,,,,
,,,,,,,,,,,
,,,"               Type of computer operated",,,,,,"     Type of AFIS facilities operated",,
,,,,,,"     Digital terminal",,,,,"    Remote"
,,,,,,"   Car-","Hand-",," Agency-owned system",,"    access"
"County","Name of agency","Mainframe","Mini-","Personal","Laptop","mounted","    held",,"Exclusive","  Shared","    terminal"
,,,,,,,,,,,
"TEXAS",,,,,,,,,,,
,,,,,,,,,,,
"Bell","Killeen Police","-","-","X","X","-","-",,"-","-","-"
"Bexar","Bexar County Sheriff","-","-","X","X","X","-",,"X","-","X"
"Bexar","San Antonio Police","X","X","X","X","X","X",,"-","-","-"
"Brazoria","Brazoria County Sheriff","X","-","X","-","-","-",,"-","X","X"
"Cameron","Brownsville Police","X","X","X","-","-","X",,"-","-","-"
"Collin","Plano Police","X","-","X","X","X","X",,"-","X","X"
"Dallas ","Carrollton Police","X","X","X","X","X","-",,"-","-","-"
"Dallas","Dallas Police","X","X","X","X","X","X",,"X","-","X"
"Dallas","Dallas-Ft. Worth Airport Police","-","X","X","X","X","X",,"-","-","-"
"Dallas","Garland Police","X","X","X","X","X","-",,"X","-","-"
"Dallas","Grand Prairie Police","X","X","X","X","X","-",,"-","-","-"
"Dallas","Irving Police","X","X","X","X","X","X",,"-","X","X"
"Dallas","Mesquite Police","X","X","X","X","X","-",,"-","X","X"
"Dallas","Richardson Police","X","X","X","X","X","-",,"-","X","X"
"Denton","Denton Police","X","X","X","-","-","-",,"-","-","-"
"Ector","Odessa Police","X","-","X","X","-","-",,"X","-","-"
"El Paso","El Paso County Sheriff","X","-","X","-","-","-",,"-","X","X"
"El Paso","El Paso Police","-","X","X","X","-","-",,"X","-","X"
"Fort Bend","Fort Bend County Sheriff","X","-","X","X","-","-",,"-","-","-"
"Galveston ","Galveston County Sheriff","X","X","X","-","-","-",,"-","X","X"
"Galveston","Galveston Police","-","X","X","-","X","-",,"-","-","X"
"Gregg","Longview Police","X","X","X","X","X","-",,"-","X","X"
"Harris","Harris County Sheriff","X","-","X","-","-","-",,"X","-","X"
"Harris","Baytown Police","X","-","X","X","-","-",,"-","-","-"
"Harris","Houston Police","X","X","X","X","X","X",,"X","-","X"
"Harris","Pasadena Police","X","-","X","-","-","-",,"-","X","X"
"Hidalgo","McAllen Police","X","X","-","-","-","-",,"-","-","-"
"Jefferson","Beaumont Police","X","X","X","X","-","-",,"-","X","-"
"Jefferson","Port Arthur Police","-","X","X","-","-","-",,"-","-","-"
"Lubbock","Lubbock Police","X","-","X","-","-","-",,"-","X","X"
"McLennan","Waco Police","X","-","X","-","-","-",,"X","-","-"
"Midland","Midland Police","X","X","X","-","X","-",,"-","X","X"
"Montgomery","Montgomery County Sheriff","X","X","-","-","-","-",,"X","-","X"
"Nueces","Corpus Christi Police","X","X","X","X","-","-",,"-","X","X"
"Potter","Amarillo Police","X","-","X","-","X","-",,"-","X","X"
"Smith","Tyler Police","X","-","X","-","X","-",,"-","-","-"
"Tarrant","Tarrant County Sheriff","X","-","X","X","X","-",,"X","-","X"
"Tarrant","Arlington Police","X","-","X","X","X","-",,"-","X","-"
"Tarrant","Fort Worth Police","X","-","X","X","X","-",,"-","-","-"
"Taylor","Abilene Police","X","-","X","-","X","X",,"-","X","X"
"Tom Green","San Angelo Police","-","-","X","-","-","-",,"-","X","X"
"Travis","Travis County Sheriff","X","X","X","X","-","-",,"-","-","-"
"Travis","Austin Police","X","-","X","X","X","X",,"X","-","-"
"Webb","Laredo Police","-","X","X","-","-","-",,"X","-","X"
"Wichita","Wichita Falls Police","-","X","X","-","-","-",,"-","X","X"
,,,,,,,,,,,
"UTAH",,,,,,,,,,,
,,,,,,,,,,,
"Salt Lake","Salt Lake County Sheriff","X","X","X","X","-","-",,"X","-","-"
"Salt Lake","Salt Lake City Police","X","X","X","-","-","-",,"-","X","X"
"Weber","Ogden Police","X","-","X","-","-","-",,"-","X","-"
,,,,,,,,,,,
"VIRGINIA",,,,,,,,,,,
,,,,,,,,,,,
"Alexandria(city)","Alexandria Police","X","X","X","X","X","-",,"-","-","X"
"Arlington","Arlington County Police","X","-","X","X","X","X",,"-","X","X"
"Chesapeake(city)","Chesapeake Police","-","X","X","-","-","-",,"-","-","X"
"Chesterfield","Chesterfield County Police","X","-","X","X","-","-",,"-","X","X"
"Fairfax","Fairfax County Police","X","-","X","X","X","-",,"-","X","X"
"Hampton(city)","Hampton Police","X","-","X","-","-","-",,"-","X","-"
"Henrico","Henrico County Police","X","-","X","X","-","-",,"X","-","-"
"Loudoun","Loudoun County Sheriff","X","-","X","-","-","-",,"-","X","X"
"Lynchburg(city)","Lynchburg Police","-","X","X","-","-","-",,"-","-","-"
"Newport News(city)","Newport News Police","X","-","X","X","-","-",,"X","-","X"
"Norfolk(city)","Norfolk Police","X","-","X","-","X","-",,"-","X","X"
"Portsmouth(city)","Portsmouth Police","X","-","X","-","-","-",,"-","X","X"
"Prince William","Prince William County Police","X","X","X","-","-","-",,"-","X","X"
"Richmond(city)","Richmond City Police","X","-","X","X","-","X",,"-","X","X"
"Roanoke(city)","Roanoke City Police","X","-","X","-","X","-",,"X","-","X"
"Virginia Beach(city)","Virginia Beach Police","X","X","X","X","X","X",,"X","-","-"
,,,,,,,,,,,
,,,,,,,,,,,
,,,,,,,,,,,
"202   Law Enforcement Management and Administrative Statistics, 1993",,,,,,,,,,,
,,,,,,,,,,,
"Table 17a. - continued",,,,,,,,,,,
,,,,,,,,,,,
,,,,,,,,,,,
,,,"               Type of computer operated",,,,,,"     Type of AFIS facilities operated",,
,,,,,,"     Digital terminal",,,,,"    Remote"
,,,,,,"   Car-","Hand-",," Agency-owned system",,"    access"
"County","Name of agency","Mainframe","Mini-","Personal","Laptop","mounted","    held",,"Exclusive","  Shared","    terminal"
,,,,,,,,,,,
"WASHINGTON",,,,,,,,,,,
,,,,,,,,,,,
"Clark","Clark County Sheriff","X","X","X","X","-","-",,"X","-","X"
"King","King Co. Dept. of Public Safety","X","X","X","X","-","-",,"-","X","X"
"King","Bellevue Police","X","X","X","X","-","-",,"-","X","-"
"King ","Seattle Police","-","X","X","X","X","-",,"-","X","X"
"Pierce","Pierce County Sheriff","X","X","X","X","-","-",,"-","X","X"
"Pierce","Tacoma Police","X","X","X","X","X","-",,"-","X","X"
"Snohomish","Snohomish County Sheriff","X","X","X","-","-","-",,"X","-","X"
"Snohomish","Everett Police","X","X","X","X","-","X",,"-","X","X"
"Spokane ","Spokane County Sheriff","X","-","X","-","-","-",,"-","X","-"
"Spokane","Spokane Police","X","-","X","X","-","-",,"-","X","X"
"Yakima","Yakima Police","X","-","X","X","X","-",,"-","-","-"
,,,,,,,,,,,
"WEST VIRGINIA",,,,,,,,,,,
,,,,,,,,,,,
"Kanawha","Charleston Police","-","X","X","-","-","-",,"-","-","-"
,,,,,,,,,,,
"WISCONSIN",,,,,,,,,,,
,,,,,,,,,,,
"Brown","Brown County Sheriff","X","-","X","X","-","-",,"-","-","-"
"Brown","Green Bay Police","X","-","X","X","X","-",,"-","-","-"
"Dane","Dane County Sheriff","X","-","X","-","-","-",,"-","-","-"
"Dane ","Madison Police","X","-","X","-","-","-",,"-","-","-"
"Kenosha","Kenosha Police","X","X","X","-","-","-",,"-","-","-"
"Milwaukee","Milwaukee Police","X","X","X","X","-","-",,"X","-","-"
"Milwaukee","West Allis Police","X","X","X","X","X","-",,"-","-","-"
"Racine","Racine County Sheriff","X","-","X","X","-","-",,"-","-","-"
"Racine","Racine Police","X","-","-","-","-","-",,"-","-","-"
"Waukesha","Waukesha County Sheriff","X","-","X","X","X","-",,"-","-","-"
,,,,,,,,,,,
,,,,,,,,,,,
"Note:  In some cases, computers may have been shared by an agency with other users.",,,,,,,,,,,
"Agency-owned AFIS facilities are defined as including a file of digitized prints.",,,,,,,,,,,
"Remote-access terminal refers to any on-site terminal with access to a remote AFIS site.",,,,,,,,,,,
,,,,,,,,,,,
,,,,,,,,,,,
,,,,,,,,,,,
,,,,,,,,,,,
,,,,,,,,,,,
,,,,,,,,,,,
,,,,,,,,,,,
,,,,,,,,,,,
,,,,,,,,,,,
,,,,,,,,,,,
,,,,,,,,,,,
,,,,,,,,,,,
,,,,,,,,,,,
,,,,,,,,,,,
,,,,,,,,,,,
,,,,,,,,,,,
,,,,,,,,,,,
,,,,,,,,,,,
,,,,,,,,,,,
,,,,,,,,,,,
,,,,,,,,,,,
,,,,,,,,,,,
,,,,,,,,,,,
,,,,,,,,,,,
,,,,,,,,,,,
,,,,,,,,,,,
,,,,,,,,,,,
,,,,,,,,,,,
,,,,,,,,,,,
,,,,,,,,,,,
,,,,,,,,,,,
,,,,,,,,,,,
,,,,,,,,,,,
,,,,,,,,,,,
,,,,,,,,,,,
,,,,,,,,,,,
,,,,,,,,,,,
,,,,,,,,,,,
,,,,,,,,,,,
,,,,,,,,,,,
,,,,,,,"       Computers and information systems   203",,,,
,,,,,,,,,,,
"Table 17b.  Types of computers and Automated Fingerprint Identification System (AFIS) facilities",,,,,,,,,,,
"operated by State law enforcement agencies, 1993",,,,,,,,,,,
,,,,,,,,,,,
,,,"               Type of computer operated",,,,,,"     Type of AFIS facilities operated",,
,,,,,,"     Digital terminal",,,,,"    Remote"
,,,,,,"   Car-","Hand-",," Agency-owned system",,"    access"
"Name of agency",,"Mainframe","Mini-","Personal","Laptop","mounted","    held",,"Exclusive","  Shared","    terminal"
,,,,,,,,,,,
"Alabama Department of Public Safety",,"X","X","X","X","X","X",,"X","-","-"
"Alaska State Troopers",,"X","-","X","X","-","-",,"-","-","-"
"Arizona Department of Public Safety",,"X","-","X","X","X","-",,"-","-","-"
"Arkansas State Police",,"X","-","-","-","-","-",,"-","-","-"
"California Highway Patrol",,"X","X","X","X","X","-",,"-","-","-"
"Colorado State Patrol",,"X","-","X","X","-","-",,"-","-","-"
"Connecticut State Police",,"X","X","X","X","-","-",,"X","-","-"
"Delaware State Police",,"X","X","X","X","-","-",,"X","-","X"
"Florida Highway Patrol",,"X","X","X","-","-","-",,"-","-","-"
"Georgia State Police",,"X","-","X","X","-","-",,"-","-","-"
"Idaho State Police",,"X","-","X","X","-","-",,"-","X","X"
"Illinois State Police",,"X","X","X","X","X","-",,"X","-","X"
"Indiana State Police",,"X","X","X","X","-","-",,"X","-","X"
"Iowa State Patrol",,"X","X","X","X","-","-",,"X","-","X"
"Kansas Highway Patrol",,"X","X","X","-","-","-",,"-","-","-"
"Kentucky State Police",,"X","X","X","-","-","-",,"X","-","-"
"Louisiana State Police",,"X","X","X","X","-","-",,"X","-","-"
"Maine State Police",,"-","X","X","X","-","-",,"-","-","-"
"Maryland State Police",,"X","-","X","X","-","-",,"X","-","-"
"Massachusetts State Police",,"X","X","X","X","X","X",,"X","-","-"
"Michigan State Police",,"X","-","X","X","X","-",,"-","X","X"
"Minnesota State Patrol",,"X","X","X","X","X","-",,"-","X","-"
"Mississippi Highway Safety Patrol",,"X","-","X","-","-","-",,"-","-","-"
"Missouri State Highway Patrol",,"X","-","X","X","-","-",,"X","-","X"
"Montana Highway Patrol",,"X","-","X","X","-","-",,"-","-","-"
"Nebraska State Patrol",,"X","-","X","X","-","-",,"-","-","-"
"Nevada Highway Patrol",,"X","-","X","-","-","-",,"-","X","X"
"New Hampshire State Police",,"X","-","X","X","-","-",,"-","-","-"
"New Jersey State Police",,"X","X","X","X","X","-",,"X","-","X"
"New Mexico State Police",,"X","X","X","X","-","-",,"-","X","X"
"New York State Police",,"X","X","X","X","X","-",,"-","-","X"
"North Carolina State Highway Patrol",,"X","X","X","X","-","-",,"-","-","-"
"North Dakota Highway Patrol",,"X","-","X","X","-","-",,"-","-","-"
"Ohio State Highway Patrol",,"X","-","X","X","X","-",,"-","-","X"
"Oklahoma Highway Patrol",,"X","-","X","X","-","-",,"-","-","-"
"Oregon State Police",,"X","X","X","X","-","-",,"-","X","X"
"Pennsylvania State Police",,"X","-","X","X","X","-",,"X","-","X"
"Rhode Island State Police",,"-","-","X","X","-","-",,"-","-","-"
"South Carolina Highway Patrol",,"X","X","X","X","X","-",,"-","-","-"
"South Dakota Highway Patrol",,"X","-","-","-","-","-",,"-","-","-"
"Tennessee Department of Safety",,"X","X","X","X","-","-",,"-","-","-"
"Texas Department of Public Safety",,"X","X","X","X","X","-",,"X","-","-"
"Utah Highway Patrol",,"X","-","X","X","-","-",,"-","X","-"
"Vermont Department of Public Safety",,"X","X","X","X","-","-",,"-","-","-"
"Virginia State Police",,"X","-","X","X","-","-",,"X","-","X"
"Washington State Patrol",,"X","X","X","X","-","-",,"X","-","X"
"West Virginia State Police",,"X","-","X","X","-","-",,"-","-","-"
"Wisconsin State Patrol",,"X","-","X","X","X","X",,"-","-","-"
"Wyoming Highway Patrol",,"X","-","X","-","-","-",,"-","-","-"
,,,,,,,,,,,
,,,,,,,,,,,
"Note:  In some cases, computers may have been shared by an agency with other users.",,,,,,,,,,,
"Agency-owned AFIS facilities are defined as including a file of digitized prints.",,,,,,,,,,,
"Remote-access terminal refers to any on-site terminal with access to a remote AFIS site.",,,,,,,,,,,
,,,,,,,,,,,
,,,,,,,,,,,
,,,,,,,,,,,
,,,,,,,,,,,
,,,,,,,,,,,
,,,,,,,,,,,
,,,,,,,,,,,
,,,,,,,,,,,
,,,,,,,,,,,
,,,,,,,,,,,
,,,,,,,,,,,
,,,,,,,,,,,
,,,,,,,,,,,
,,,,,,,,,,,
,,,,,,,,,,,
,,,,,,,,,,,
,,,,,,,,,,,
,,,,,,,,,,,
,,,,,,,,,,,
,,,,,,,,,,,
,,,,,,,,,,,
"204   Law Enforcement Management and Administrative Statistics, 1993  ",,,,,,,,,,,
